4.4
0
2.0
0
5.0
0
0
5.0
0
4.416666666666667
4.230769230769231
5.0
7.0
0
4.538461538461538
5.2727272727272725
4.5
0
5.2
4.333333333333333
6.0
0
3.6
4.714285714285714
0
5.0
3.1666666666666665
0
5.2727272727272725
3.6
4.833333333333333
4.384615384615385
4.416666666666667
4.9
5.363636363636363
5.3
4.461538461538462
3.25
3.923076923076923
4.076923076923077
4.0
3.857142857142857
4.5
4.916666666666667
4.0
3.6
4.7
0
4.2
0
5.0
0
0
0
0
4.0
0
4.071428571428571
4.916666666666667
4.0
6.4
0
4.230769230769231
6.0
5.545454545454546
5.454545454545454
3.9285714285714284
4.909090909090909
5.454545454545454
4.916666666666667
5.363636363636363
4.416666666666667
5.363636363636363
5.3
5.6
4.75
4.111111111111111
0
4.076923076923077
6.0
4.384615384615385
6.444444444444445
4.3076923076923075
9.5
0
3.923076923076923
4.75
4.666666666666667
4.3076923076923075
4.75
4.75
0
4.071428571428571
4.583333333333333
4.666666666666667
4.071428571428571
4.461538461538462
4.071428571428571
4.4
0
4.538461538461538
3.466666666666667
4.714285714285714
0
5.0
4.384615384615385
5.7
4.583333333333333
3.7857142857142856
3.3125
4.142857142857143
4.071428571428571
3.7857142857142856
4.4
0
4.071428571428571
3.4
0
4.9
0
3.6923076923076925
0
3.857142857142857
4.461538461538462
4.909090909090909
4.071428571428571
4.071428571428571
5.8
5.454545454545454
4.833333333333333
4.538461538461538
4.833333333333333
4.833333333333333
3.9285714285714284
3.3125
5.8
4.75
4.916666666666667
5.090909090909091
3.6666666666666665
5.454545454545454
4.3
0
4.916666666666667
4.230769230769231
4.0
5.3
5.0
4.384615384615385
3.857142857142857
3.6666666666666665
4.583333333333333
6.333333333333333
5.090909090909091
4.461538461538462
5.181818181818182
4.666666666666667
0
4.833333333333333
6.75
0
3.6153846153846154
0
4.0
0
4.461538461538462
3.642857142857143
3.7142857142857144
5.090909090909091
3.7333333333333334
3.533333333333333
3.533333333333333
4.333333333333333
5.333333333333333
0
4.153846153846154
3.8
4.833333333333333
3.6666666666666665
4.538461538461538
4.538461538461538
4.384615384615385
3.857142857142857
3.533333333333333
4.111111111111111
0
4.3076923076923075
5.0
4.076923076923077
5.5
3.9285714285714284
4.5
0
4.461538461538462
4.230769230769231
5.181818181818182
4.230769230769231
5.5
0
3.7333333333333334
4.25
4.0
0
4.538461538461538
0
4.75
0
3.75
0
3.176470588235294
5.2
0
4.0
0
3.5714285714285716
4.714285714285714
0
5.454545454545454
4.461538461538462
4.384615384615385
3.8
5.181818181818182
3.4375
3.6666666666666665
0
4.555555555555555
0
4.916666666666667
4.0
0
5.636363636363637
0
5.0
4.416666666666667
5.666666666666667
0
5.545454545454546
4.071428571428571
6.666666666666667
4.916666666666667
6.333333333333333
0
4.363636363636363
5.090909090909091
4.230769230769231
4.583333333333333
4.5
5.5
0
4.583333333333333
3.642857142857143
4.3076923076923075
4.0
4.461538461538462
4.3076923076923075
5.8
5.454545454545454
4.230769230769231
4.071428571428571
3.375
4.461538461538462
3.7857142857142856
4.153846153846154
4.461538461538462
4.0
4.3076923076923075
3.176470588235294
4.153846153846154
4.3076923076923075
3.6666666666666665
4.375
0
5.777777777777778
4.6
0
4.416666666666667
4.538461538461538
4.916666666666667
4.153846153846154
5.2727272727272725
7.0
0
4.583333333333333
4.7
0
3.642857142857143
5.454545454545454
3.857142857142857
3.533333333333333
4.0
4.75
7.5
4.583333333333333
4.833333333333333
3.8
4.75
4.461538461538462
4.076923076923077
5.0
0
5.0
4.0
4.461538461538462
5.0
4.583333333333333
4.75
4.461538461538462
5.181818181818182
5.0
4.0
0
4.7272727272727275
11.0
0
4.3076923076923075
4.230769230769231
4.333333333333333
0
6.0
6.75
5.0
4.583333333333333
6.0
0
3.8
4.916666666666667
0
5.7
5.090909090909091
4.166666666666667
0
4.75
4.5
5.363636363636363
4.666666666666667
4.545454545454546
5.454545454545454
4.384615384615385
2.933333333333333
5.9
3.5
0
4.3076923076923075
6.0
0
4.545454545454546
0
4.083333333333333
0
4.833333333333333
4.7
0
8.75
0
4.071428571428571
4.0
5.2727272727272725
4.538461538461538
5.363636363636363
4.538461538461538
4.230769230769231
5.454545454545454
4.166666666666667
8.666666666666666
0
3.7857142857142856
4.5
0
4.3076923076923075
5.363636363636363
4.384615384615385
4.5
4.916666666666667
4.833333333333333
4.153846153846154
4.454545454545454
4.833333333333333
4.071428571428571
4.833333333333333
5.7
4.818181818181818
4.833333333333333
3.888888888888889
0
3.6
6.25
0
5.181818181818182
4.5
0
3.9285714285714284
4.230769230769231
4.384615384615385
4.230769230769231
4.75
4.461538461538462
3.3125
3.6666666666666665
3.0
4.0
4.833333333333333
3.4375
3.9285714285714284
5.4
4.0
5.181818181818182
3.4375
4.0
4.3076923076923075
3.6923076923076925
6.0
4.384615384615385
3.7333333333333334
4.461538461538462
4.384615384615385
4.3076923076923075
4.0
4.3076923076923075
3.3125
4.0
4.3076923076923075
3.4375
5.0
0
5.222222222222222
0
4.071428571428571
4.071428571428571
3.7857142857142856
3.375
3.466666666666667
4.538461538461538
5.2
0
5.1
0
4.833333333333333
4.833333333333333
4.0
3.9285714285714284
4.076923076923077
4.5
6.0
0
4.384615384615385
5.0
0
4.7272727272727275
4.461538461538462
2.888888888888889
4.75
3.857142857142857
4.571428571428571
0
3.6666666666666665
4.75
3.6666666666666665
0
4.75
3.6153846153846154
4.3076923076923075
3.533333333333333
3.533333333333333
4.666666666666667
4.0
3.1176470588235294
3.8
6.5
0
4.909090909090909
3.7333333333333334
4.3076923076923075
4.5
4.7272727272727275
4.5
4.636363636363637
4.909090909090909
4.7272727272727275
6.2
4.0
3.3125
4.230769230769231
4.833333333333333
3.7857142857142856
4.3076923076923075
3.7333333333333334
3.5
4.428571428571429
0
4.230769230769231
4.3076923076923075
5.0
0
3.6
4.3076923076923075
4.5
4.75
3.7333333333333334
4.538461538461538
5.7
4.833333333333333
6.444444444444445
4.181818181818182
5.7
5.363636363636363
4.0
4.230769230769231
4.583333333333333
6.1
5.454545454545454
4.071428571428571
4.25
4.0
4.461538461538462
5.25
0
7.666666666666667
0
4.125
0
4.888888888888889
0
4.153846153846154
4.071428571428571
3.375
4.333333333333333
4.666666666666667
3.8461538461538463
5.363636363636363
3.9285714285714284
6.0
0
4.142857142857143
0
6.0
0
3.5714285714285716
0
3.7142857142857144
0
5.0
0
4.384615384615385
5.0
0
5.333333333333333
0
4.916666666666667
3.533333333333333
3.5714285714285716
0
4.3076923076923075
4.153846153846154
3.6923076923076925
4.583333333333333
4.076923076923077
4.0
4.333333333333333
4.461538461538462
0
5.545454545454546
3.6
0
0
0
4.0
0
4.071428571428571
4.153846153846154
4.666666666666667
5.428571428571429
0
5.111111111111111
0
4.0
5.0
4.75
4.071428571428571
4.0
0
4.230769230769231
4.071428571428571
7.666666666666667
0
4.461538461538462
5.090909090909091
3.642857142857143
4.666666666666667
0
4.461538461538462
4.230769230769231
3.857142857142857
4.916666666666667
3.5
0
3.7333333333333334
4.230769230769231
4.461538461538462
4.7
0
4.142857142857143
9.0
0
5.363636363636363
4.666666666666667
4.0
4.0
5.181818181818182
5.5
0
4.583333333333333
4.75
9.0
0
4.75
4.583333333333333
4.5
4.416666666666667
3.272727272727273
0
3.9285714285714284
4.0
0
3.7333333333333334
3.7333333333333334
4.0
0
3.4375
4.166666666666667
4.0
4.076923076923077
3.9
0
4.3076923076923075
5.875
0
4.384615384615385
3.0
4.833333333333333
3.9285714285714284
3.8
0
4.666666666666667
3.923076923076923
4.833333333333333
3.5714285714285716
0
5.0
4.071428571428571
4.916666666666667
4.333333333333333
0
4.0
0
4.916666666666667
4.384615384615385
4.071428571428571
4.0
6.25
0
3.642857142857143
4.214285714285714
3.769230769230769
4.666666666666667
4.230769230769231
4.0
0
4.3076923076923075
6.0
0
6.0
0
4.0
4.916666666666667
3.7857142857142856
4.230769230769231
3.375
6.888888888888889
4.583333333333333
4.230769230769231
4.75
4.833333333333333
3.9285714285714284
4.0
4.75
6.0
0
3.9285714285714284
4.142857142857143
4.076923076923077
0
4.75
4.666666666666667
3.4375
3.9285714285714284
6.0
4.0
4.909090909090909
6.1
4.0
5.181818181818182
4.75
4.071428571428571
3.4285714285714284
6.1
3.375
3.9285714285714284
4.333333333333333
4.916666666666667
3.533333333333333
4.071428571428571
4.75
5.2727272727272725
5.7
5.2
0
5.090909090909091
3.6666666666666665
3.9166666666666665
0
5.0
5.6
4.153846153846154
4.75
4.75
5.545454545454546
4.666666666666667
0
4.666666666666667
4.0
4.545454545454546
4.583333333333333
4.0
3.857142857142857
3.25
4.5
0
4.384615384615385
5.8
3.4
4.0
0
4.583333333333333
5.666666666666667
4.833333333333333
4.538461538461538
3.7333333333333334
6.1
3.466666666666667
5.25
0
4.916666666666667
4.538461538461538
5.111111111111111
0
4.75
3.75
0
3.6
5.090909090909091
4.666666666666667
3.857142857142857
4.916666666666667
4.666666666666667
4.0
0
4.833333333333333
4.4
0
4.142857142857143
3.9285714285714284
4.416666666666667
6.166666666666667
0
4.75
3.533333333333333
4.0
3.6
5.125
0
4.230769230769231
5.8
3.375
4.5
4.142857142857143
4.5
0
4.3076923076923075
5.6
3.5
6.555555555555555
4.666666666666667
0
4.5
4.071428571428571
4.076923076923077
3.769230769230769
0
4.461538461538462
4.666666666666667
6.333333333333333
5.8
5.090909090909091
4.071428571428571
3.9285714285714284
3.7857142857142856
5.2727272727272725
4.5
4.583333333333333
3.2666666666666666
5.25
0
4.071428571428571
3.6666666666666665
4.75
5.4
0
4.3076923076923075
3.375
0
5.0
0
6.0
0
4.538461538461538
6.5
0
4.5
0
3.857142857142857
4.666666666666667
4.538461538461538
4.5
4.3076923076923075
4.333333333333333
4.384615384615385
4.818181818181818
4.230769230769231
4.909090909090909
4.0
4.818181818181818
4.0
3.8461538461538463
4.666666666666667
4.583333333333333
3.9285714285714284
4.230769230769231
4.071428571428571
4.461538461538462
4.75
4.384615384615385
4.75
4.75
7.0
4.384615384615385
5.545454545454546
4.384615384615385
4.230769230769231
3.857142857142857
5.181818181818182
5.090909090909091
4.75
3.6666666666666665
4.384615384615385
3.375
4.461538461538462
4.0
5.7
4.0
4.0
4.0
3.6666666666666665
5.2727272727272725
4.538461538461538
4.583333333333333
5.0
4.5
0
5.454545454545454
3.857142857142857
4.230769230769231
4.75
4.230769230769231
3.8
5.181818181818182
3.6
4.071428571428571
5.181818181818182
3.5
0
4.416666666666667
4.076923076923077
7.0
0
4.153846153846154
4.333333333333333
0
5.454545454545454
4.916666666666667
4.0
0
4.0
4.0
0
3.5833333333333335
0
4.0
3.9285714285714284
3.8461538461538463
5.0
5.0
0
4.461538461538462
4.583333333333333
4.5
5.0
0
5.0
3.7333333333333334
5.363636363636363
3.923076923076923
4.833333333333333
4.8
0
4.916666666666667
3.6
3.9285714285714284
4.230769230769231
5.2
0
4.5
4.7
0
4.384615384615385
4.416666666666667
10.0
0
4.444444444444445
0
5.454545454545454
0
5.5
4.428571428571429
0
4.076923076923077
6.0
0
4.75
3.7857142857142856
4.0
4.153846153846154
5.545454545454546
3.9285714285714284
4.153846153846154
4.818181818181818
6.0
4.833333333333333
4.818181818181818
4.461538461538462
4.0
4.75
3.923076923076923
5.2727272727272725
3.857142857142857
3.7857142857142856
7.0
0
3.533333333333333
4.5
4.384615384615385
3.1666666666666665
0
4.153846153846154
5.857142857142857
0
4.230769230769231
4.0
3.1
0
4.333333333333333
0
5.0
0
6.5
0
3.8333333333333335
0
4.3076923076923075
4.0
4.833333333333333
4.3076923076923075
3.4375
5.2727272727272725
3.6
4.5
0
5.090909090909091
4.7272727272727275
0
5.875
0
4.583333333333333
3.4375
4.555555555555555
0
4.461538461538462
4.75
5.0
0
4.0
4.153846153846154
3.857142857142857
5.181818181818182
4.916666666666667
3.857142857142857
4.4
0
5.363636363636363
3.533333333333333
4.916666666666667
4.222222222222222
0
4.071428571428571
3.857142857142857
4.909090909090909
3.7857142857142856
3.6
4.384615384615385
4.076923076923077
4.3076923076923075
0
5.222222222222222
0
5.2727272727272725
3.5
0
3.3333333333333335
0
2.909090909090909
0
4.363636363636363
0
4.5
0
4.384615384615385
3.533333333333333
3.6666666666666665
3.909090909090909
0
4.666666666666667
4.142857142857143
5.8
4.75
4.3076923076923075
4.583333333333333
3.4166666666666665
0
4.071428571428571
3.6
5.090909090909091
0
4.3076923076923075
4.75
7.0
0
3.6
5.0
0
4.071428571428571
4.071428571428571
3.7142857142857144
4.0
8.5
0
4.916666666666667
4.153846153846154
3.9285714285714284
4.916666666666667
3.4375
4.833333333333333
4.3076923076923075
3.5
0
3.7333333333333334
4.0
0
3.7857142857142856
9.0
0
3.7857142857142856
5.2727272727272725
0
5.5
0
4.875
0
3.857142857142857
4.076923076923077
4.3076923076923075
4.75
4.3076923076923075
4.555555555555555
0
4.3076923076923075
4.461538461538462
2.888888888888889
3.8461538461538463
4.833333333333333
4.857142857142857
0
5.454545454545454
3.9
0
5.8
4.5
5.714285714285714
0
4.909090909090909
0
3.857142857142857
4.25
0
7.5
0
4.0
4.0
0
4.416666666666667
0
3.466666666666667
0
3.9
0
5.0
0
4.0
4.3
0
4.916666666666667
4.0
0
4.166666666666667
0
7.0
0
4.153846153846154
6.6
0
5.363636363636363
4.071428571428571
3.6666666666666665
3.923076923076923
0
5.2727272727272725
4.0
0
5.0
0
6.0
0
4.454545454545454
0
4.583333333333333
3.2222222222222223
0
4.714285714285714
0
4.666666666666667
0
4.538461538461538
4.857142857142857
0
4.5
0
4.0
3.642857142857143
5.2727272727272725
5.5
0
12.0
0
5.666666666666667
0
4.833333333333333
0
4.666666666666667
0
6.0
0
4.384615384615385
0
4.75
0
4.0
0
4.75
3.7142857142857144
5.666666666666667
0
4.230769230769231
3.5
0
0
0
4.0
0
5.181818181818182
4.0
6.1
4.916666666666667
4.666666666666667
4.75
4.538461538461538
5.090909090909091
4.153846153846154
5.0
4.583333333333333
6.111111111111111
4.666666666666667
4.0
5.181818181818182
4.384615384615385
3.7142857142857144
6.1
4.153846153846154
4.3076923076923075
4.071428571428571
4.833333333333333
3.6666666666666665
3.9285714285714284
4.5
4.230769230769231
3.8181818181818183
0
4.142857142857143
6.2
4.416666666666667
4.3076923076923075
6.0
0
4.5
4.75
0
4.666666666666667
4.666666666666667
6.333333333333333
0
5.454545454545454
3.6666666666666665
4.142857142857143
4.461538461538462
5.3
5.090909090909091
7.833333333333333
0
4.071428571428571
4.461538461538462
4.3076923076923075
5.2727272727272725
4.0
3.8666666666666667
0
4.666666666666667
6.333333333333333
0
4.666666666666667
7.0
0
3.857142857142857
3.7142857142857144
4.5
4.3076923076923075
3.857142857142857
4.166666666666667
0
6.666666666666667
4.153846153846154
7.125
4.538461538461538
4.75
4.666666666666667
3.7333333333333334
4.5
5.454545454545454
4.833333333333333
3.6
3.857142857142857
4.666666666666667
3.6666666666666665
3.375
3.6
5.0
0
5.857142857142857
0
4.230769230769231
3.8
4.076923076923077
6.1
3.6
3.7333333333333334
5.090909090909091
3.25
4.461538461538462
0
4.153846153846154
3.0588235294117645
4.714285714285714
0
5.0
3.9285714285714284
5.9
4.384615384615385
4.230769230769231
4.3076923076923075
3.7333333333333334
4.583333333333333
4.666666666666667
5.5
0
5.363636363636363
0
5.363636363636363
4.666666666666667
0
4.833333333333333
0
4.555555555555555
0
4.454545454545454
5.181818181818182
8.0
0
4.75
0
4.916666666666667
5.0
3.6666666666666665
0
6.2
0
4.166666666666667
6.111111111111111
10.0
0
4.666666666666667
0
4.230769230769231
4.6
0
4.666666666666667
4.4
0
4.076923076923077
4.75
3.6666666666666665
4.666666666666667
4.625
0
5.6
0
4.0
11.0
0
4.3076923076923075
4.153846153846154
3.857142857142857
0
4.461538461538462
5.1
15.0
0
4.818181818181818
5.181818181818182
4.8
0
4.230769230769231
3.5714285714285716
6.666666666666667
3.5714285714285716
5.6
4.071428571428571
3.857142857142857
4.916666666666667
5.9
4.583333333333333
4.3076923076923075
4.75
4.461538461538462
4.384615384615385
4.461538461538462
5.8
4.75
4.071428571428571
4.384615384615385
5.363636363636363
3.6
4.384615384615385
4.153846153846154
4.538461538461538
3.6666666666666665
4.384615384615385
4.461538461538462
3.7142857142857144
3.2
4.75
4.0
5.454545454545454
4.0
5.4
4.833333333333333
4.666666666666667
5.6
4.916666666666667
4.916666666666667
4.083333333333333
4.916666666666667
4.3076923076923075
4.461538461538462
4.076923076923077
4.461538461538462
5.8
4.583333333333333
4.7272727272727275
0
4.071428571428571
5.454545454545454
4.538461538461538
3.4375
6.25
0
4.416666666666667
0
4.384615384615385
4.071428571428571
4.153846153846154
5.0
4.0
5.6
5.454545454545454
5.0
4.666666666666667
4.833333333333333
4.3076923076923075
5.363636363636363
5.0
4.75
4.461538461538462
4.538461538461538
5.090909090909091
4.076923076923077
6.888888888888889
4.538461538461538
5.0
4.461538461538462
5.0
0
5.2727272727272725
4.5
6.5
0
4.0
0
6.111111111111111
11.0
0
4.833333333333333
7.0
0
6.375
0
6.666666666666667
4.888888888888889
0
6.1
0
6.0
0
5.0
5.0
0
5.545454545454546
4.333333333333333
6.0
4.75
5.2727272727272725
5.0
0
5.6
4.818181818181818
0
4.909090909090909
4.909090909090909
4.333333333333333
3.6
0
4.461538461538462
5.3
0
4.461538461538462
8.0
0
5.142857142857143
0
4.818181818181818
4.916666666666667
4.3076923076923075
4.142857142857143
0
4.230769230769231
5.111111111111111
0
4.3076923076923075
4.230769230769231
5.6
6.5
6.666666666666667
5.0
0
4.833333333333333
5.2727272727272725
5.0
0
4.818181818181818
0
4.6
0
5.2727272727272725
0
4.384615384615385
3.5714285714285716
4.153846153846154
5.0
0
3.7333333333333334
4.0
3.533333333333333
4.230769230769231
5.333333333333333
0
3.9285714285714284
4.888888888888889
0
5.5
0
6.0
5.090909090909091
6.222222222222222
5.181818181818182
4.230769230769231
5.666666666666667
0
4.916666666666667
3.5714285714285716
0
4.666666666666667
3.7
0
5.0
4.666666666666667
0
5.0
5.454545454545454
6.111111111111111
5.545454545454546
4.461538461538462
3.9285714285714284
7.0
0
6.444444444444445
8.0
0
6.6
0
5.0
4.666666666666667
5.25
0
5.363636363636363
3.533333333333333
3.466666666666667
3.875
0
5.444444444444445
0
4.461538461538462
3.6666666666666665
4.166666666666667
0
4.230769230769231
5.0
4.5
0
4.0
0
4.583333333333333
5.0
0
5.2727272727272725
0
5.2727272727272725
4.916666666666667
0
4.333333333333333
4.416666666666667
4.142857142857143
7.5
0
3.8333333333333335
0
3.857142857142857
5.181818181818182
4.071428571428571
5.454545454545454
5.0
4.833333333333333
4.461538461538462
4.916666666666667
5.0
4.071428571428571
5.6
4.461538461538462
5.181818181818182
4.916666666666667
5.4
5.8
4.833333333333333
4.142857142857143
5.0
0
4.384615384615385
3.857142857142857
5.0
3.375
4.0
3.25
3.642857142857143
4.3076923076923075
5.181818181818182
3.7333333333333334
6.5
0
4.384615384615385
4.0
0
3.8
4.0
6.0
0
4.538461538461538
3.727272727272727
0
4.363636363636363
0
3.6666666666666665
4.142857142857143
4.0
7.625
3.7857142857142856
6.666666666666667
0
4.3076923076923075
4.076923076923077
3.25
3.8
0
4.142857142857143
0
4.75
4.142857142857143
4.666666666666667
4.3076923076923075
4.076923076923077
5.7
5.666666666666667
0
4.3076923076923075
4.222222222222222
0
5.181818181818182
3.6666666666666665
4.2
0
4.4
0
4.666666666666667
6.0
0
4.0
0
3.7333333333333334
4.285714285714286
0
4.153846153846154
6.0
0
3.533333333333333
3.375
4.4
0
4.916666666666667
3.0588235294117645
3.2
0
0
0
4.0
0
4.916666666666667
4.833333333333333
4.166666666666667
7.0
5.454545454545454
5.454545454545454
4.0
4.666666666666667
4.461538461538462
5.8
5.181818181818182
4.5
0
3.9285714285714284
4.384615384615385
5.0
5.090909090909091
4.75
4.666666666666667
5.0
0
3.857142857142857
5.5
0
4.076923076923077
0
3.9285714285714284
10.0
0
3.6
4.75
4.571428571428571
0
6.25
0
3.9285714285714284
4.75
5.5
3.3125
4.666666666666667
4.384615384615385
5.2
4.363636363636363
0
4.75
0
4.5
4.142857142857143
4.583333333333333
4.25
0
4.5
5.888888888888889
0
4.0
4.833333333333333
4.333333333333333
0
3.9285714285714284
3.533333333333333
3.6666666666666665
4.0
4.833333333333333
4.153846153846154
4.916666666666667
3.4285714285714284
5.2727272727272725
3.6666666666666665
4.833333333333333
4.3076923076923075
4.153846153846154
4.0
4.384615384615385
3.6153846153846154
0
4.916666666666667
5.454545454545454
3.533333333333333
4.153846153846154
5.0
0
4.416666666666667
4.916666666666667
5.3
3.5714285714285716
13.0
0
4.3076923076923075
3.7333333333333334
4.0
4.583333333333333
5.0
0
5.0
4.5
0
6.0
0
6.0
0
5.6
0
4.833333333333333
6.142857142857143
0
3.466666666666667
3.6666666666666665
5.5
0
4.0
0
5.714285714285714
0
5.5
9.0
0
3.6
0
3.6666666666666665
0
4.2
0
4.5
0
4.166666666666667
0
3.9285714285714284
4.636363636363637
4.75
5.0
0
4.5
0
4.071428571428571
3.6
4.384615384615385
4.076923076923077
5.0
4.636363636363637
4.416666666666667
5.454545454545454
3.7333333333333334
4.583333333333333
5.181818181818182
4.416666666666667
4.75
5.0
0
5.0
0
4.333333333333333
0
6.0
0
4.285714285714286
0
4.666666666666667
3.7142857142857144
4.3076923076923075
3.9285714285714284
4.0
4.142857142857143
4.75
4.461538461538462
4.538461538461538
4.583333333333333
4.916666666666667
4.071428571428571
4.0
4.3076923076923075
5.0
3.7857142857142856
4.461538461538462
5.363636363636363
5.9
4.0
4.636363636363637
4.583333333333333
3.4375
4.75
3.9285714285714284
3.3333333333333335
3.5
5.0
3.7142857142857144
0
3.7333333333333334
4.3076923076923075
4.153846153846154
4.230769230769231
3.7333333333333334
4.583333333333333
4.714285714285714
0
4.818181818181818
0
4.0
0
3.75
0
4.0
5.363636363636363
4.583333333333333
4.833333333333333
6.333333333333333
4.153846153846154
3.857142857142857
3.857142857142857
5.0
0
4.230769230769231
4.461538461538462
4.461538461538462
6.0
4.230769230769231
4.0
6.1
4.75
0
4.153846153846154
0
4.583333333333333
3.9285714285714284
4.0
0
4.75
4.071428571428571
4.142857142857143
4.230769230769231
7.5
0
3.9285714285714284
4.461538461538462
4.0
3.533333333333333
4.538461538461538
3.8461538461538463
4.384615384615385
5.2727272727272725
4.3076923076923075
4.416666666666667
4.333333333333333
4.071428571428571
4.75
5.0
5.0
3.7333333333333334
3.7333333333333334
4.5
3.857142857142857
4.0
4.461538461538462
3.7857142857142856
5.363636363636363
5.2727272727272725
4.3076923076923075
3.6666666666666665
3.7333333333333334
4.461538461538462
3.5714285714285716
3.6666666666666665
4.230769230769231
4.0
4.75
4.3076923076923075
3.7333333333333334
3.642857142857143
5.181818181818182
4.230769230769231
5.090909090909091
5.2727272727272725
4.384615384615385
3.533333333333333
5.9
5.090909090909091
4.666666666666667
4.444444444444445
0
4.333333333333333
0
4.9
0
4.916666666666667
5.285714285714286
0
3.5454545454545454
0
4.75
4.285714285714286
0
4.461538461538462
3.6
4.4
0
6.555555555555555
4.230769230769231
5.2727272727272725
5.666666666666667
0
4.833333333333333
5.2
0
4.75
4.076923076923077
4.076923076923077
4.142857142857143
4.333333333333333
4.333333333333333
0
3.533333333333333
4.142857142857143
3.857142857142857
4.384615384615385
3.466666666666667
4.25
5.3
0
4.5
0
3.3125
5.090909090909091
4.5
4.0
0
3.857142857142857
4.583333333333333
11.0
0
4.916666666666667
4.384615384615385
3.4
4.75
3.375
4.0
5.090909090909091
4.75
3.9285714285714284
5.333333333333333
0
5.5
5.545454545454546
4.0
4.125
0
4.5
4.076923076923077
4.230769230769231
4.461538461538462
4.285714285714286
0
3.8
0
4.5
0
3.6666666666666665
0
3.7142857142857144
4.384615384615385
5.0
3.9285714285714284
5.5
4.5
4.0
3.857142857142857
4.3076923076923075
0
4.909090909090909
0
4.75
3.7857142857142856
4.25
4.5
6.0
0
5.181818181818182
4.5
0
3.7333333333333334
4.0
0
5.454545454545454
8.0
0
3.4375
4.3076923076923075
3.7333333333333334
5.2
0
3.7857142857142856
4.3076923076923075
4.166666666666667
0
4.0
4.666666666666667
4.25
0
6.0
0
3.7333333333333334
3.7333333333333334
4.071428571428571
4.25
0
4.777777777777778
0
4.7272727272727275
5.166666666666667
0
4.2
0
8.0
0
6.333333333333333
0
3.7857142857142856
3.7857142857142856
3.466666666666667
3.4375
3.7857142857142856
3.7333333333333334
4.833333333333333
3.6
4.416666666666667
8.0
0
4.833333333333333
4.0
4.833333333333333
4.833333333333333
3.3333333333333335
0
3.8333333333333335
0
3.25
4.166666666666667
4.3076923076923075
4.0
4.75
4.0
3.7333333333333334
4.0
0
4.857142857142857
0
5.181818181818182
4.0
5.75
0
4.333333333333333
0
4.333333333333333
8.5
0
4.416666666666667
0
4.833333333333333
4.076923076923077
7.0
0
4.230769230769231
4.833333333333333
4.0
5.0
0
3.4
3.7142857142857144
5.0
3.7333333333333334
3.7857142857142856
3.6666666666666665
8.0
0
4.461538461538462
4.545454545454546
0
3.176470588235294
4.5
6.0
0
4.384615384615385
4.153846153846154
5.2727272727272725
5.181818181818182
5.454545454545454
4.384615384615385
5.1
5.777777777777778
4.583333333333333
5.5
4.583333333333333
5.333333333333333
0
4.666666666666667
5.181818181818182
3.125
5.7
0
4.384615384615385
4.5
4.3076923076923075
4.461538461538462
4.083333333333333
5.3
4.583333333333333
4.071428571428571
5.7
5.0
4.071428571428571
4.071428571428571
4.833333333333333
6.777777777777778
4.461538461538462
4.3076923076923075
4.384615384615385
4.75
5.0
5.454545454545454
3.7142857142857144
4.75
4.090909090909091
0
4.916666666666667
5.181818181818182
5.363636363636363
4.0
4.076923076923077
5.6
4.076923076923077
4.916666666666667
4.833333333333333
4.333333333333333
4.833333333333333
4.538461538461538
4.875
0
4.384615384615385
3.7857142857142856
5.6
4.3076923076923075
3.4375
4.0
4.3076923076923075
4.285714285714286
0
5.0
4.75
5.181818181818182
5.363636363636363
6.777777777777778
4.5
3.6666666666666665
4.833333333333333
4.384615384615385
4.0
0
4.461538461538462
4.071428571428571
6.666666666666667
4.071428571428571
4.153846153846154
5.0
4.538461538461538
3.769230769230769
4.833333333333333
4.384615384615385
3.6666666666666665
4.0
0
4.142857142857143
4.916666666666667
4.230769230769231
4.833333333333333
5.0
4.384615384615385
4.142857142857143
4.416666666666667
5.5
4.538461538461538
4.071428571428571
6.1
4.666666666666667
4.7272727272727275
6.444444444444445
0
4.153846153846154
4.0
4.0
5.181818181818182
4.071428571428571
5.2727272727272725
3.75
0
5.0
3.7857142857142856
3.533333333333333
5.0
0
0
0
4.0
0
4.833333333333333
4.384615384615385
5.0
5.363636363636363
4.25
0
4.909090909090909
4.833333333333333
4.0
3.6666666666666665
0
4.833333333333333
4.714285714285714
0
3.9285714285714284
4.384615384615385
4.583333333333333
0
3.533333333333333
3.923076923076923
0
4.583333333333333
8.5
0
4.3076923076923075
4.583333333333333
4.75
4.75
4.076923076923077
4.75
0
6.1
6.2
6.0
0
3.6666666666666665
4.230769230769231
4.384615384615385
4.333333333333333
0
4.7272727272727275
5.0
3.7857142857142856
4.833333333333333
3.6666666666666665
4.333333333333333
4.833333333333333
0
4.916666666666667
4.25
4.3076923076923075
4.071428571428571
0
4.75
4.0
3.7333333333333334
3.25
4.461538461538462
4.3076923076923075
8.0
0
4.666666666666667
4.3076923076923075
4.230769230769231
3.7142857142857144
3.533333333333333
3.7857142857142856
6.0
0
4.071428571428571
3.6666666666666665
4.916666666666667
3.4
4.916666666666667
3.3333333333333335
0
4.571428571428571
0
4.416666666666667
3.9166666666666665
4.916666666666667
3.642857142857143
4.666666666666667
4.0
6.0
4.3076923076923075
4.461538461538462
6.2
0
4.0
5.6
0
4.076923076923077
4.333333333333333
0
4.833333333333333
3.533333333333333
3.8333333333333335
0
5.0
4.461538461538462
4.384615384615385
7.0
0
4.0
0
3.7142857142857144
4.230769230769231
5.454545454545454
4.909090909090909
0
5.0
3.6
3.75
0
4.416666666666667
3.6
4.384615384615385
3.9285714285714284
3.357142857142857
3.909090909090909
0
4.461538461538462
6.0
0
5.5
0
4.071428571428571
4.153846153846154
5.4
0
3.6
4.538461538461538
0
4.833333333333333
3.7333333333333334
4.75
4.416666666666667
5.363636363636363
5.2727272727272725
4.5
5.6
4.166666666666667
5.8
5.0
0
4.230769230769231
3.7142857142857144
4.076923076923077
0
4.916666666666667
0
4.142857142857143
4.111111111111111
0
5.090909090909091
5.0
4.666666666666667
4.0
4.5
4.153846153846154
4.5
4.5
0
4.7
0
4.666666666666667
3.857142857142857
4.555555555555555
0
4.75
4.5
0
4.3076923076923075
4.384615384615385
3.7333333333333334
4.0
4.818181818181818
6.0
6.0
0
5.2727272727272725
4.583333333333333
3.875
0
4.545454545454546
0
5.6
4.916666666666667
4.777777777777778
0
5.2727272727272725
0
4.153846153846154
4.25
0
5.0
5.166666666666667
0
4.230769230769231
5.4
0
5.7
13.0
0
5.8
4.666666666666667
5.090909090909091
4.916666666666667
5.0
0
4.461538461538462
4.384615384615385
5.3
5.181818181818182
4.461538461538462
3.9285714285714284
3.6666666666666665
4.416666666666667
4.7272727272727275
4.230769230769231
4.166666666666667
4.583333333333333
4.461538461538462
4.5
4.75
3.5
4.3076923076923075
4.0
5.363636363636363
4.666666666666667
4.230769230769231
4.666666666666667
4.071428571428571
4.142857142857143
4.230769230769231
3.6
4.3076923076923075
4.153846153846154
4.3076923076923075
3.3125
3.4
4.153846153846154
3.6666666666666665
4.125
0
4.384615384615385
4.666666666666667
0
3.9166666666666665
4.461538461538462
4.461538461538462
3.7333333333333334
5.454545454545454
4.071428571428571
5.2727272727272725
4.818181818181818
4.833333333333333
6.0
0
4.071428571428571
4.0
4.384615384615385
3.7857142857142856
3.857142857142857
5.545454545454546
4.0
0
3.8
5.0
0
3.2857142857142856
0
3.7857142857142856
4.333333333333333
0
4.071428571428571
4.75
0
4.444444444444445
0
3.25
3.857142857142857
0
4.833333333333333
4.5
0
3.9285714285714284
3.6
0
4.384615384615385
4.0
4.153846153846154
4.583333333333333
3.6666666666666665
3.857142857142857
3.533333333333333
3.6666666666666665
4.3076923076923075
5.454545454545454
3.6666666666666665
3.533333333333333
4.384615384615385
4.75
4.416666666666667
4.916666666666667
3.8333333333333335
0
4.5
0
4.8
0
4.4
0
4.25
0
3.4285714285714284
0
3.357142857142857
0
4.333333333333333
0
3.533333333333333
3.9285714285714284
3.7857142857142856
4.142857142857143
4.230769230769231
3.923076923076923
3.6666666666666665
3.8333333333333335
0
4.909090909090909
4.545454545454546
6.2
6.111111111111111
12.0
0
4.583333333333333
4.416666666666667
4.75
4.75
4.666666666666667
4.0
5.125
0
4.1
0
4.5
0
6.625
0
3.642857142857143
3.7142857142857144
5.363636363636363
3.9285714285714284
0
4.25
0
3.0
3.857142857142857
0
3.9285714285714284
4.3076923076923075
4.666666666666667
0
5.2727272727272725
3.7857142857142856
0
5.090909090909091
4.0
5.181818181818182
4.076923076923077
4.3076923076923075
4.071428571428571
5.5
0
3.7333333333333334
4.0
3.4375
4.416666666666667
0
3.7333333333333334
3.7142857142857144
3.4
4.75
3.8
0
4.0
0
4.0
0
4.0
0
4.666666666666667
0
4.666666666666667
0
3.6666666666666665
3.5
0
4.230769230769231
4.3076923076923075
3.8461538461538463
4.071428571428571
3.7857142857142856
4.625
0
4.416666666666667
4.461538461538462
4.071428571428571
4.916666666666667
4.0
11.0
0
4.2727272727272725
4.3076923076923075
4.583333333333333
5.090909090909091
5.545454545454546
3.25
0
3.7142857142857144
3.6
4.071428571428571
5.6
5.363636363636363
3.4375
3.7857142857142856
4.0
0
4.5
4.076923076923077
3.909090909090909
0
4.0
4.384615384615385
4.0
4.833333333333333
4.75
3.75
0
5.3
0
4.833333333333333
0
3.6666666666666665
4.076923076923077
4.333333333333333
5.8
0
4.384615384615385
3.9285714285714284
4.454545454545454
0
4.3076923076923075
4.5
5.166666666666667
0
4.461538461538462
3.6
4.0
3.857142857142857
3.5
3.4
0
5.5
5.363636363636363
4.818181818181818
4.384615384615385
4.076923076923077
4.3076923076923075
5.363636363636363
4.416666666666667
5.2727272727272725
4.75
4.818181818181818
5.181818181818182
3.6666666666666665
4.5
5.6
3.625
0
0
0
4.0
0
4.416666666666667
4.538461538461538
4.428571428571429
0
4.538461538461538
4.818181818181818
4.3076923076923075
4.3076923076923075
14.0
0
4.833333333333333
3.3333333333333335
0
5.363636363636363
9.5
0
5.0
0
4.5
0
4.833333333333333
0
4.555555555555555
0
3.7333333333333334
7.0
0
4.076923076923077
0
5.363636363636363
3.6666666666666665
4.916666666666667
4.071428571428571
5.666666666666667
0
4.666666666666667
4.111111111111111
0
3.6666666666666665
4.071428571428571
5.166666666666667
0
3.533333333333333
4.636363636363637
11.0
0
5.363636363636363
5.181818181818182
4.3076923076923075
5.3
5.363636363636363
4.153846153846154
13.0
0
5.333333333333333
0
4.583333333333333
4.0
0
4.3076923076923075
4.384615384615385
5.2
0
4.5
3.9285714285714284
4.666666666666667
4.166666666666667
7.0
4.916666666666667
4.384615384615385
4.583333333333333
4.071428571428571
5.6
6.555555555555555
4.833333333333333
4.076923076923077
4.833333333333333
5.363636363636363
4.75
4.5
5.4
4.545454545454546
0
4.0
4.416666666666667
4.5
0
4.071428571428571
4.076923076923077
4.5
4.461538461538462
4.384615384615385
4.142857142857143
4.3076923076923075
4.3076923076923075
3.857142857142857
4.3076923076923075
4.833333333333333
4.636363636363637
4.384615384615385
5.0
0
4.538461538461538
5.0
3.7333333333333334
5.363636363636363
3.1176470588235294
5.3
12.0
0
4.384615384615385
4.461538461538462
4.25
0
4.153846153846154
4.461538461538462
3.625
3.5555555555555554
0
4.230769230769231
4.833333333333333
4.538461538461538
5.2727272727272725
4.916666666666667
4.916666666666667
3.9285714285714284
5.9
6.555555555555555
4.0
4.230769230769231
4.3076923076923075
4.916666666666667
4.166666666666667
3.769230769230769
4.333333333333333
3.857142857142857
4.461538461538462
4.461538461538462
4.071428571428571
3.7142857142857144
3.7142857142857144
5.181818181818182
4.461538461538462
3.4375
4.0
4.3076923076923075
3.1176470588235294
3.7333333333333334
3.6666666666666665
5.6
3.642857142857143
4.8
0
5.3
0
4.75
0
3.7142857142857144
4.125
0
4.909090909090909
5.2727272727272725
4.181818181818182
0
3.8
3.7857142857142856
3.7142857142857144
4.375
0
6.444444444444445
4.3076923076923075
5.333333333333333
0
4.75
4.153846153846154
3.7777777777777777
0
4.916666666666667
4.75
4.7
5.0
4.0
4.75
8.0
0
5.454545454545454
3.9285714285714284
3.7857142857142856
4.071428571428571
3.533333333333333
3.533333333333333
4.3076923076923075
3.6
4.230769230769231
4.0
3.4375
4.916666666666667
10.0
0
4.833333333333333
0
5.454545454545454
5.5
0
4.833333333333333
4.071428571428571
4.0
4.071428571428571
3.888888888888889
0
4.2727272727272725
0
4.666666666666667
5.0
4.090909090909091
0
4.071428571428571
4.818181818181818
4.0
4.545454545454546
3.857142857142857
4.916666666666667
5.9
4.230769230769231
3.857142857142857
12.0
0
4.230769230769231
5.625
0
5.363636363636363
4.0
6.777777777777778
3.6666666666666665
0
3.6666666666666665
0
4.6
0
4.076923076923077
9.333333333333334
0
5.2727272727272725
4.384615384615385
4.0
4.071428571428571
4.833333333333333
4.4
0
4.153846153846154
5.0
0
5.454545454545454
4.416666666666667
4.916666666666667
4.4
0
4.071428571428571
4.833333333333333
3.7142857142857144
0
5.571428571428571
0
4.875
0
5.454545454545454
3.75
0
4.833333333333333
4.75
4.416666666666667
5.0
0
3.923076923076923
0
4.583333333333333
6.666666666666667
5.363636363636363
4.166666666666667
4.833333333333333
4.666666666666667
3.466666666666667
4.571428571428571
0
4.384615384615385
5.363636363636363
3.7333333333333334
4.071428571428571
5.333333333333333
0
4.3076923076923075
4.0
3.769230769230769
3.9285714285714284
3.533333333333333
4.071428571428571
3.25
0
4.461538461538462
4.583333333333333
3.857142857142857
4.833333333333333
4.416666666666667
5.181818181818182
3.7142857142857144
3.533333333333333
4.818181818181818
4.833333333333333
3.7857142857142856
0
0
0
4.0
0
4.142857142857143
3.6666666666666665
4.0
4.916666666666667
3.857142857142857
3.7142857142857144
4.384615384615385
4.0
3.7142857142857144
5.363636363636363
4.666666666666667
4.833333333333333
4.384615384615385
4.461538461538462
4.666666666666667
4.818181818181818
4.416666666666667
0
4.363636363636363
0
4.076923076923077
4.818181818181818
5.7
4.916666666666667
3.9285714285714284
4.833333333333333
3.8
0
4.230769230769231
4.833333333333333
12.0
0
4.7272727272727275
4.071428571428571
4.384615384615385
5.363636363636363
3.857142857142857
4.0
4.3076923076923075
3.9285714285714284
4.7272727272727275
3.6
4.076923076923077
8.0
0
5.454545454545454
4.583333333333333
4.153846153846154
4.384615384615385
3.5
3.2
0
5.181818181818182
4.75
5.454545454545454
3.7142857142857144
3.7333333333333334
4.153846153846154
4.75
4.666666666666667
4.153846153846154
7.0
0
4.384615384615385
4.833333333333333
3.7333333333333334
5.0
4.3076923076923075
4.0
3.75
0
4.153846153846154
4.0
0
4.222222222222222
5.5
4.888888888888889
4.125
0
5.0
4.916666666666667
4.0
4.181818181818182
0
4.3076923076923075
4.153846153846154
6.555555555555555
0
3.7333333333333334
4.3076923076923075
4.333333333333333
0
4.3076923076923075
4.666666666666667
5.090909090909091
6.1
0
3.6
4.375
4.666666666666667
0
4.833333333333333
5.363636363636363
5.0
0
3.8
4.125
4.375
4.222222222222222
5.375
4.625
4.444444444444445
0
4.0
5.454545454545454
5.090909090909091
0
4.833333333333333
4.384615384615385
4.0
5.454545454545454
5.0
0
3.9285714285714284
3.5
4.545454545454546
0
3.7142857142857144
3.923076923076923
5.0
0
4.818181818181818
5.142857142857143
0
3.6666666666666665
4.416666666666667
5.4
9.0
0
3.9285714285714284
5.75
0
5.2727272727272725
3.466666666666667
4.384615384615385
3.7333333333333334
3.7857142857142856
4.166666666666667
4.636363636363637
7.0
5.2727272727272725
4.076923076923077
4.5
4.666666666666667
4.0
0
4.0
3.9285714285714284
3.7333333333333334
4.2727272727272725
0
4.3076923076923075
4.555555555555555
0
4.916666666666667
3.9285714285714284
5.0
5.2727272727272725
4.384615384615385
4.230769230769231
7.0
0
4.0
4.75
3.7857142857142856
4.75
4.5
0
4.384615384615385
4.818181818181818
0
5.7
3.6
4.75
0
5.363636363636363
4.461538461538462
4.833333333333333
5.4
0
6.6
0
3.466666666666667
4.75
0
4.3076923076923075
5.5
4.25
0
4.153846153846154
6.2
0
4.666666666666667
3.5
4.0
4.153846153846154
4.833333333333333
4.0
4.384615384615385
4.916666666666667
4.076923076923077
5.0
4.5
4.75
4.75
3.7333333333333334
4.75
4.0
4.583333333333333
3.4375
3.0625
4.75
3.533333333333333
4.153846153846154
4.461538461538462
4.384615384615385
3.466666666666667
3.6666666666666665
4.583333333333333
3.857142857142857
3.6363636363636362
0
4.0
5.0
0
3.9285714285714284
4.461538461538462
3.642857142857143
5.25
0
3.7857142857142856
4.230769230769231
4.75
5.454545454545454
4.461538461538462
4.0
3.25
3.533333333333333
4.0
3.1875
3.9285714285714284
3.4375
4.416666666666667
5.8
4.384615384615385
4.333333333333333
0
5.181818181818182
4.153846153846154
5.833333333333333
0
3.769230769230769
9.0
0
4.0
3.6
4.384615384615385
0
3.6
5.181818181818182
3.7857142857142856
4.0
3.533333333333333
4.071428571428571
3.642857142857143
3.7857142857142856
4.071428571428571
3.6666666666666665
4.071428571428571
4.076923076923077
3.6
3.923076923076923
4.818181818181818
5.0
5.0
5.363636363636363
4.833333333333333
4.333333333333333
0
3.6
4.230769230769231
0
4.666666666666667
4.666666666666667
3.3125
5.5
0
4.916666666666667
7.25
5.2727272727272725
5.7
5.5
5.666666666666667
0
4.538461538461538
5.2727272727272725
5.090909090909091
4.833333333333333
4.230769230769231
4.384615384615385
6.222222222222222
4.833333333333333
4.3076923076923075
4.3076923076923075
4.384615384615385
4.833333333333333
5.6
6.666666666666667
4.833333333333333
5.454545454545454
5.363636363636363
4.384615384615385
5.333333333333333
0
3.7857142857142856
5.090909090909091
6.2
4.0
4.75
5.545454545454546
0
4.666666666666667
5.090909090909091
5.454545454545454
4.384615384615385
4.538461538461538
4.5
4.461538461538462
6.2
4.384615384615385
4.0
4.384615384615385
4.384615384615385
4.5
4.3076923076923075
6.0
4.083333333333333
5.0
4.7
0
4.153846153846154
5.0
5.454545454545454
4.0
5.8
4.0
4.3
0
4.0
5.181818181818182
4.384615384615385
3.3333333333333335
0
4.153846153846154
4.0
4.833333333333333
3.5
8.5
0
4.416666666666667
4.538461538461538
5.181818181818182
4.0
4.75
4.0
4.5
4.833333333333333
4.416666666666667
5.8
4.230769230769231
4.166666666666667
0
3.9285714285714284
3.7333333333333334
4.583333333333333
4.916666666666667
3.7142857142857144
5.090909090909091
3.466666666666667
4.583333333333333
4.153846153846154
3.923076923076923
4.3076923076923075
4.583333333333333
4.75
4.071428571428571
4.3076923076923075
4.111111111111111
0
3.466666666666667
3.5714285714285716
4.0
3.3333333333333335
0
4.5
4.7272727272727275
4.833333333333333
4.0
0
4.384615384615385
4.666666666666667
3.857142857142857
4.75
4.3076923076923075
4.384615384615385
4.384615384615385
4.833333333333333
4.916666666666667
5.0
5.3
4.666666666666667
3.3125
4.3076923076923075
4.5
4.666666666666667
4.75
0
3.4375
5.363636363636363
4.0
4.0
4.3076923076923075
3.7142857142857144
4.083333333333333
5.4
0
0
0
4.0
0
4.071428571428571
3.857142857142857
4.666666666666667
3.4375
4.333333333333333
4.916666666666667
5.666666666666667
0
5.444444444444445
0
5.444444444444445
0
5.0
0
3.857142857142857
4.0
4.3076923076923075
5.9
6.1
5.090909090909091
4.666666666666667
4.75
4.333333333333333
4.3076923076923075
5.8
8.0
3.9285714285714284
6.0
0
4.333333333333333
7.125
5.5
4.153846153846154
4.142857142857143
3.9166666666666665
0
3.375
4.071428571428571
4.0
4.083333333333333
6.777777777777778
5.0
0
3.7333333333333334
5.5
0
4.75
4.6
0
4.3
0
4.0
4.0
4.071428571428571
3.7333333333333334
4.0
0
4.384615384615385
3.8
4.916666666666667
3.7142857142857144
5.2727272727272725
3.533333333333333
4.0
4.3076923076923075
3.375
4.4
0
4.142857142857143
5.454545454545454
4.230769230769231
6.875
4.384615384615385
0
3.857142857142857
3.6666666666666665
3.642857142857143
4.916666666666667
4.0
3.6666666666666665
4.833333333333333
4.333333333333333
0
3.533333333333333
3.9285714285714284
4.5
8.0
0
4.916666666666667
4.461538461538462
5.181818181818182
3.923076923076923
5.9
3.7333333333333334
5.545454545454546
4.545454545454546
4.75
5.0
0
3.6666666666666665
4.071428571428571
4.153846153846154
5.0
5.2727272727272725
4.142857142857143
4.0
4.076923076923077
4.0
4.384615384615385
5.5
0
5.0
3.857142857142857
4.0
5.090909090909091
3.9285714285714284
3.8
5.9
4.384615384615385
4.833333333333333
3.6
4.916666666666667
4.375
0
4.153846153846154
3.4
5.125
0
4.583333333333333
4.384615384615385
3.5
4.153846153846154
5.363636363636363
4.75
0
3.7857142857142856
3.888888888888889
0
4.222222222222222
0
4.916666666666667
4.5
3.533333333333333
4.166666666666667
0
6.0
0
3.5
0
4.384615384615385
4.153846153846154
7.0
0
3.125
4.384615384615385
7.0
0
4.416666666666667
4.5
3.4
4.3076923076923075
3.1333333333333333
9.0
0
5.454545454545454
3.4444444444444446
0
5.5
0
5.0
5.857142857142857
0
4.5
4.230769230769231
3.25
3.090909090909091
0
4.0
3.8
0
3.857142857142857
4.230769230769231
4.714285714285714
0
5.25
0
4.0
0
4.666666666666667
4.153846153846154
5.454545454545454
4.0
0
3.533333333333333
5.090909090909091
3.2857142857142856
0
4.230769230769231
3.375
3.7333333333333334
3.7142857142857144
4.833333333333333
4.384615384615385
4.0
3.7857142857142856
4.333333333333333
0
4.153846153846154
4.416666666666667
4.230769230769231
4.2
0
3.7333333333333334
3.5714285714285716
4.538461538461538
5.2727272727272725
4.3076923076923075
5.8
4.230769230769231
3.6666666666666665
5.2
0
4.875
0
4.142857142857143
3.8
4.461538461538462
4.666666666666667
3.769230769230769
3.7142857142857144
4.0
4.6
0
4.666666666666667
3.8
3.7333333333333334
3.6666666666666665
4.7272727272727275
4.230769230769231
3.7857142857142856
4.666666666666667
4.583333333333333
5.9
4.384615384615385
4.076923076923077
3.466666666666667
5.090909090909091
4.916666666666667
3.857142857142857
5.2727272727272725
3.6
3.0588235294117645
3.642857142857143
3.857142857142857
3.5714285714285716
4.666666666666667
0
5.0
4.75
4.071428571428571
4.230769230769231
4.818181818181818
4.3076923076923075
4.75
4.5
5.363636363636363
4.384615384615385
5.545454545454546
3.642857142857143
8.5
0
4.3076923076923075
3.857142857142857
4.666666666666667
4.461538461538462
6.1
0
6.555555555555555
5.2727272727272725
4.75
3.6
3.9285714285714284
5.0
0
5.2727272727272725
3.1875
4.285714285714286
0
4.461538461538462
5.454545454545454
6.0
0
5.363636363636363
3.466666666666667
3.3125
3.6666666666666665
4.3076923076923075
3.7333333333333334
4.0
0
4.7272727272727275
5.8
5.9
4.3076923076923075
4.833333333333333
6.0
4.230769230769231
4.818181818181818
6.333333333333333
4.666666666666667
5.2727272727272725
3.857142857142857
4.3076923076923075
4.230769230769231
4.230769230769231
3.6666666666666665
3.7857142857142856
5.0
4.142857142857143
3.7333333333333334
4.384615384615385
4.5
4.75
6.0
0
4.555555555555555
0
5.6
4.230769230769231
4.461538461538462
4.916666666666667
3.769230769230769
4.666666666666667
5.0
4.833333333333333
4.230769230769231
4.0
3.9285714285714284
3.6
3.7333333333333334
3.4375
4.3076923076923075
3.9285714285714284
4.461538461538462
5.0
4.583333333333333
4.0
3.6
5.181818181818182
4.153846153846154
4.384615384615385
4.153846153846154
5.5
5.8
4.416666666666667
4.583333333333333
4.666666666666667
4.071428571428571
4.230769230769231
4.384615384615385
7.0
0
5.0
0
5.363636363636363
4.833333333333333
4.75
4.666666666666667
3.857142857142857
3.9285714285714284
5.166666666666667
0
4.333333333333333
0
5.8
6.333333333333333
5.4
4.3076923076923075
4.461538461538462
4.916666666666667
3.7333333333333334
4.071428571428571
7.0
0
5.0
0
4.071428571428571
5.454545454545454
3.727272727272727
0
4.461538461538462
3.75
0
3.857142857142857
4.916666666666667
4.916666666666667
4.833333333333333
3.642857142857143
5.454545454545454
5.545454545454546
4.5
4.071428571428571
4.25
5.454545454545454
4.666666666666667
4.2
0
5.181818181818182
4.333333333333333
5.166666666666667
0
4.416666666666667
4.583333333333333
3.466666666666667
3.6666666666666665
4.833333333333333
3.533333333333333
12.0
0
4.75
4.5
0
5.090909090909091
6.0
0
4.384615384615385
4.0
3.6
3.7142857142857144
3.9285714285714284
3.625
0
3.4375
4.777777777777778
0
4.230769230769231
3.5384615384615383
0
4.153846153846154
3.6666666666666665
4.181818181818182
0
5.0
4.5
6.142857142857143
0
4.071428571428571
4.461538461538462
3.8461538461538463
7.75
0
3.375
4.3076923076923075
3.923076923076923
4.833333333333333
4.071428571428571
4.230769230769231
4.75
4.384615384615385
4.583333333333333
4.0
0
4.153846153846154
4.3076923076923075
4.384615384615385
3.466666666666667
4.071428571428571
3.7857142857142856
3.923076923076923
4.153846153846154
4.153846153846154
4.166666666666667
5.6
4.833333333333333
8.0
0
3.857142857142857
4.545454545454546
5.9
5.8
4.230769230769231
4.0
0
4.071428571428571
4.0
4.666666666666667
4.230769230769231
5.0
3.4
4.461538461538462
3.7333333333333334
4.3076923076923075
3.0
0
4.666666666666667
4.583333333333333
4.076923076923077
5.2
6.1
5.0
4.666666666666667
5.181818181818182
5.363636363636363
5.2727272727272725
5.9
5.0
4.916666666666667
3.9285714285714284
4.076923076923077
4.4
0
3.7333333333333334
4.384615384615385
3.9285714285714284
3.6666666666666665
4.416666666666667
4.3076923076923075
4.384615384615385
4.230769230769231
3.9285714285714284
4.461538461538462
4.75
0
4.071428571428571
4.071428571428571
3.9285714285714284
4.666666666666667
0
0
0
4.0
0
4.833333333333333
4.0
0
3.857142857142857
3.6666666666666665
4.071428571428571
4.583333333333333
4.75
3.1176470588235294
3.5625
3.9166666666666665
4.384615384615385
3.6
4.384615384615385
4.153846153846154
4.3076923076923075
3.6666666666666665
3.5
0
4.583333333333333
6.1
4.583333333333333
4.583333333333333
4.230769230769231
5.363636363636363
4.5
4.071428571428571
4.384615384615385
3.533333333333333
4.75
0
4.538461538461538
4.076923076923077
3.9285714285714284
5.2727272727272725
3.466666666666667
4.3076923076923075
0
4.583333333333333
3.7142857142857144
4.0
0
5.2
0
3.3333333333333335
3.9285714285714284
3.466666666666667
3.533333333333333
4.333333333333333
0
5.9
4.3076923076923075
3.8461538461538463
5.9
3.7142857142857144
3.2
5.0
0
3.7142857142857144
5.181818181818182
3.6
3.6666666666666665
0
4.636363636363637
0
4.75
4.0
0
4.0
0
3.9285714285714284
4.833333333333333
5.75
0
5.181818181818182
4.8
0
4.230769230769231
6.0
0
4.166666666666667
4.857142857142857
0
4.384615384615385
4.0
5.2727272727272725
6.1
4.153846153846154
4.545454545454546
5.2727272727272725
4.384615384615385
4.153846153846154
4.5
4.916666666666667
3.9285714285714284
5.454545454545454
4.3076923076923075
3.6666666666666665
5.2727272727272725
5.454545454545454
3.857142857142857
4.75
4.384615384615385
4.25
5.2727272727272725
6.0
4.583333333333333
5.2727272727272725
4.071428571428571
3.857142857142857
4.461538461538462
4.916666666666667
3.9285714285714284
3.857142857142857
4.230769230769231
5.090909090909091
8.857142857142858
4.461538461538462
4.384615384615385
3.857142857142857
4.3076923076923075
3.6666666666666665
3.6
4.0
3.7857142857142856
3.375
4.916666666666667
4.461538461538462
3.2857142857142856
0
4.833333333333333
4.230769230769231
4.230769230769231
5.181818181818182
3.3333333333333335
0
4.071428571428571
4.75
4.384615384615385
5.714285714285714
0
4.071428571428571
4.666666666666667
4.583333333333333
9.0
0
4.5
0
4.384615384615385
3.7142857142857144
4.0
3.7857142857142856
4.0
4.75
0
4.0
3.9285714285714284
0
4.461538461538462
6.5
0
4.583333333333333
3.1875
3.3125
3.9285714285714284
4.3076923076923075
4.111111111111111
0
4.0
3.75
4.384615384615385
5.0
0
4.384615384615385
4.076923076923077
5.0
0
4.3076923076923075
4.833333333333333
3.3
0
3.857142857142857
6.6
0
3.25
3.4
4.384615384615385
4.8
0
5.5
4.25
4.833333333333333
4.076923076923077
0
9.0
0
6.5
0
3.466666666666667
4.142857142857143
4.818181818181818
3.9285714285714284
4.0
3.9285714285714284
0
4.5
4.3076923076923075
4.076923076923077
5.2727272727272725
3.5
0
4.384615384615385
4.071428571428571
4.583333333333333
3.7857142857142856
3.25
4.2727272727272725
0
4.583333333333333
4.153846153846154
4.0
4.0
4.5
5.2727272727272725
4.833333333333333
4.384615384615385
4.3076923076923075
4.153846153846154
4.0
3.9285714285714284
4.0
3.909090909090909
0
4.833333333333333
3.4375
4.25
9.0
0
4.461538461538462
3.7333333333333334
3.9285714285714284
3.9285714285714284
3.25
4.3076923076923075
5.25
0
4.071428571428571
4.75
4.666666666666667
8.0
0
4.916666666666667
4.153846153846154
6.666666666666667
5.111111111111111
0
4.916666666666667
4.444444444444445
0
3.533333333333333
4.416666666666667
5.7
4.461538461538462
4.818181818181818
4.0
3.466666666666667
4.0
4.153846153846154
5.0
4.3076923076923075
4.636363636363637
4.916666666666667
4.3076923076923075
3.6
4.153846153846154
6.444444444444445
4.916666666666667
4.230769230769231
4.538461538461538
4.666666666666667
4.083333333333333
4.75
3.4375
4.0
5.181818181818182
3.533333333333333
3.7857142857142856
4.071428571428571
3.375
4.076923076923077
4.0
3.533333333333333
3.9285714285714284
4.0
3.7857142857142856
4.0
5.0
3.533333333333333
4.461538461538462
4.153846153846154
4.153846153846154
4.538461538461538
3.5714285714285716
5.454545454545454
3.7333333333333334
4.153846153846154
3.533333333333333
5.0
0
4.230769230769231
3.7857142857142856
4.076923076923077
4.916666666666667
4.0
4.583333333333333
3.642857142857143
3.8461538461538463
4.083333333333333
0
5.2727272727272725
4.090909090909091
0
4.538461538461538
9.0
0
4.2
0
3.9285714285714284
4.555555555555555
0
4.8
0
8.0
0
4.833333333333333
4.071428571428571
3.375
3.2
0
4.384615384615385
4.153846153846154
0
4.0
4.076923076923077
5.285714285714286
0
6.0
0
4.461538461538462
4.555555555555555
0
3.857142857142857
4.3076923076923075
4.4
0
4.75
0
4.75
4.142857142857143
3.857142857142857
3.6
3.75
0
3.6666666666666665
0
13.0
0
4.076923076923077
4.875
0
3.6666666666666665
3.9285714285714284
3.7857142857142856
0
6.1
3.7857142857142856
4.5
4.5
0
4.230769230769231
3.923076923076923
4.25
4.916666666666667
5.8
5.9
5.7
4.461538461538462
5.0
0
4.230769230769231
3.7857142857142856
3.7333333333333334
3.5454545454545454
0
0
0
4.5
0
4.916666666666667
4.25
4.916666666666667
4.0
4.909090909090909
3.7333333333333334
3.6666666666666665
0
4.583333333333333
3.533333333333333
3.25
4.071428571428571
4.4
0
5.0
4.833333333333333
4.125
0
4.75
3.9285714285714284
3.230769230769231
0
3.9166666666666665
0
4.0
5.545454545454546
0
4.75
4.153846153846154
4.25
0
4.071428571428571
4.833333333333333
3.533333333333333
5.0
0
4.818181818181818
0
4.384615384615385
4.384615384615385
4.625
0
4.0
4.416666666666667
6.555555555555555
5.0
4.230769230769231
3.7333333333333334
4.333333333333333
5.8
3.8
4.0
4.230769230769231
4.0
0
4.071428571428571
4.076923076923077
4.833333333333333
5.454545454545454
4.3076923076923075
5.2727272727272725
3.7857142857142856
4.75
6.1
4.25
5.090909090909091
5.363636363636363
4.636363636363637
0
4.909090909090909
4.666666666666667
3.7333333333333334
4.833333333333333
4.75
5.3
4.142857142857143
5.454545454545454
4.0
4.071428571428571
3.4
4.5
0
5.8
0
3.0
4.333333333333333
5.6
4.75
4.384615384615385
5.125
0
3.7333333333333334
6.0
0
4.416666666666667
5.8
5.5
6.0
5.9
3.7142857142857144
3.9285714285714284
5.2727272727272725
4.111111111111111
0
3.9285714285714284
4.076923076923077
3.25
6.0
5.142857142857143
0
4.142857142857143
4.583333333333333
4.142857142857143
3.7333333333333334
3.2857142857142856
0
3.6
3.625
0
5.0
3.7142857142857144
7.5
0
5.5
4.75
4.5
3.7142857142857144
0
3.9285714285714284
3.375
3.3333333333333335
7.0
0
3.6666666666666665
4.666666666666667
4.833333333333333
5.454545454545454
4.461538461538462
3.0
0
4.3076923076923075
4.8
0
4.3076923076923075
3.857142857142857
3.5384615384615383
0
4.666666666666667
3.5
3.6666666666666665
5.545454545454546
4.538461538461538
4.153846153846154
4.0
5.3
6.2
4.461538461538462
4.909090909090909
4.833333333333333
4.230769230769231
5.2
4.75
4.461538461538462
4.142857142857143
4.0
3.25
0
3.8
3.7142857142857144
5.0
4.0
4.230769230769231
5.0
4.384615384615385
4.0
4.3076923076923075
5.9
5.2727272727272725
4.833333333333333
5.181818181818182
0
4.153846153846154
4.666666666666667
4.0
5.090909090909091
4.454545454545454
4.833333333333333
4.0
5.2727272727272725
4.3076923076923075
3.7
0
5.2727272727272725
3.7857142857142856
0
4.833333333333333
4.454545454545454
0
3.857142857142857
4.714285714285714
0
3.6666666666666665
0
5.090909090909091
3.6
3.923076923076923
4.384615384615385
4.4
0
3.6666666666666665
5.9
3.7142857142857144
4.6
0
4.538461538461538
3.466666666666667
4.071428571428571
0
4.384615384615385
3.7857142857142856
5.2727272727272725
5.7
4.461538461538462
4.142857142857143
4.0
4.615384615384615
3.6
4.071428571428571
4.384615384615385
4.3076923076923075
4.071428571428571
4.3076923076923075
3.466666666666667
4.153846153846154
4.833333333333333
4.071428571428571
3.8333333333333335
0
4.916666666666667
3.9285714285714284
3.5
6.3
3.923076923076923
6.6
0
0
4.75
4.538461538461538
5.090909090909091
5.444444444444445
5.545454545454546
4.538461538461538
5.454545454545454
0
0
4.153846153846154
4.076923076923077
4.583333333333333
4.071428571428571
4.153846153846154
4.833333333333333
0
4.3076923076923075
4.0
4.5
0
3.7333333333333334
6.0
4.076923076923077
4.833333333333333
4.3076923076923075
4.384615384615385
4.076923076923077
4.3076923076923075
4.583333333333333
4.384615384615385
9.0
0
4.076923076923077
5.2727272727272725
4.583333333333333
5.0
3.9285714285714284
5.2
7.0
4.384615384615385
4.75
4.666666666666667
6.777777777777778
4.75
4.230769230769231
4.384615384615385
4.909090909090909
6.0
3.923076923076923
4.384615384615385
4.833333333333333
5.454545454545454
4.071428571428571
4.384615384615385
5.333333333333333
0
5.545454545454546
3.7333333333333334
4.5
4.0
4.416666666666667
4.571428571428571
0
4.384615384615385
5.545454545454546
0
4.076923076923077
3.857142857142857
4.666666666666667
0
4.384615384615385
6.0
0
3.6
8.5
0
5.2727272727272725
6.333333333333333
0
0
0
4.5
0
4.666666666666667
3.9285714285714284
4.230769230769231
4.666666666666667
4.75
4.3076923076923075
5.9
5.454545454545454
4.583333333333333
3.9285714285714284
4.428571428571429
0
4.461538461538462
6.111111111111111
5.7
4.071428571428571
4.666666666666667
4.666666666666667
5.0
4.076923076923077
5.9
4.0
5.0
0
5.181818181818182
4.461538461538462
4.833333333333333
4.583333333333333
5.454545454545454
3.642857142857143
5.181818181818182
4.461538461538462
4.461538461538462
4.916666666666667
4.0
4.125
0
5.181818181818182
5.0
4.5
4.142857142857143
4.071428571428571
4.071428571428571
3.857142857142857
4.666666666666667
4.384615384615385
4.538461538461538
4.833333333333333
6.1
5.9
3.7333333333333334
4.833333333333333
4.7272727272727275
0
4.916666666666667
4.818181818181818
4.666666666666667
4.0
3.9285714285714284
4.666666666666667
4.538461538461538
4.666666666666667
4.384615384615385
4.090909090909091
0
3.923076923076923
4.5
4.833333333333333
5.0
4.076923076923077
4.916666666666667
4.833333333333333
4.384615384615385
6.666666666666667
4.916666666666667
4.538461538461538
4.0
4.142857142857143
4.461538461538462
3.6
4.666666666666667
4.916666666666667
5.333333333333333
0
4.461538461538462
3.857142857142857
4.818181818181818
4.538461538461538
5.545454545454546
4.461538461538462
5.0
4.333333333333333
4.916666666666667
6.25
0
4.071428571428571
4.384615384615385
4.5
4.071428571428571
4.076923076923077
5.166666666666667
3.6666666666666665
4.3076923076923075
5.181818181818182
6.714285714285714
0
4.416666666666667
5.2727272727272725
5.5
5.545454545454546
4.0
5.181818181818182
4.833333333333333
3.9285714285714284
4.230769230769231
5.7
3.8461538461538463
5.090909090909091
7.375
5.090909090909091
6.1
4.916666666666667
4.142857142857143
4.4
0
4.153846153846154
4.076923076923077
4.461538461538462
4.3076923076923075
4.666666666666667
5.2727272727272725
4.538461538461538
4.333333333333333
4.076923076923077
4.230769230769231
4.25
0
4.461538461538462
4.75
4.538461538461538
5.181818181818182
5.0
4.538461538461538
5.0
5.363636363636363
5.363636363636363
4.833333333333333
3.9285714285714284
3.7333333333333334
4.5
4.3076923076923075
4.071428571428571
4.3076923076923075
4.5
4.916666666666667
4.071428571428571
3.7857142857142856
3.7333333333333334
4.230769230769231
3.7333333333333334
3.7142857142857144
4.916666666666667
4.583333333333333
4.461538461538462
4.538461538461538
4.384615384615385
4.071428571428571
4.833333333333333
5.090909090909091
0
4.071428571428571
3.8
4.666666666666667
5.0
4.3076923076923075
5.2727272727272725
4.818181818181818
6.888888888888889
4.909090909090909
6.2
2.5
0
3.5714285714285716
5.363636363636363
5.181818181818182
4.461538461538462
4.916666666666667
4.230769230769231
4.25
5.363636363636363
4.416666666666667
6.888888888888889
4.416666666666667
4.583333333333333
4.833333333333333
4.384615384615385
4.538461538461538
4.153846153846154
4.071428571428571
4.230769230769231
4.571428571428571
0
4.7272727272727275
4.7272727272727275
3.9285714285714284
3.1875
4.153846153846154
4.916666666666667
4.909090909090909
4.916666666666667
5.454545454545454
4.230769230769231
4.538461538461538
6.0
4.230769230769231
3.923076923076923
4.833333333333333
6.888888888888889
4.3076923076923075
6.0
0
4.0
6.777777777777778
3.375
5.0
5.454545454545454
5.454545454545454
4.3076923076923075
5.363636363636363
5.0
7.75
4.75
4.142857142857143
4.375
0
4.230769230769231
5.888888888888889
5.090909090909091
6.0
5.8
6.555555555555555
5.181818181818182
5.545454545454546
5.7
5.545454545454546
6.1
4.461538461538462
4.833333333333333
4.916666666666667
4.666666666666667
5.0
3.8
4.818181818181818
4.583333333333333
4.461538461538462
4.230769230769231
5.454545454545454
4.666666666666667
4.583333333333333
4.538461538461538
3.1875
5.8
4.153846153846154
5.083333333333333
4.166666666666667
5.2727272727272725
4.153846153846154
3.6923076923076925
7.625
4.0
5.090909090909091
4.071428571428571
4.3076923076923075
4.833333333333333
3.909090909090909
0
3.7142857142857144
4.461538461538462
5.0
4.071428571428571
4.75
5.454545454545454
5.0
8.571428571428571
7.0
6.666666666666667
4.230769230769231
6.1
4.818181818181818
4.833333333333333
4.8
0
6.444444444444445
5.4
5.181818181818182
4.076923076923077
4.3076923076923075
4.833333333333333
4.461538461538462
4.916666666666667
4.916666666666667
5.6
4.583333333333333
4.666666666666667
4.833333333333333
4.75
4.230769230769231
5.090909090909091
3.9285714285714284
4.076923076923077
5.7
4.333333333333333
0
3.8
4.071428571428571
4.333333333333333
4.75
4.666666666666667
4.333333333333333
4.666666666666667
4.230769230769231
5.4
7.75
5.363636363636363
4.461538461538462
4.538461538461538
3.9285714285714284
5.0
6.888888888888889
3.7142857142857144
4.384615384615385
5.666666666666667
0
4.538461538461538
5.363636363636363
3.857142857142857
4.75
5.363636363636363
5.454545454545454
4.076923076923077
5.454545454545454
4.833333333333333
4.416666666666667
4.833333333333333
4.5
6.1
4.833333333333333
5.181818181818182
3.8461538461538463
6.833333333333333
0
4.25
4.5
0
5.0
4.666666666666667
5.2727272727272725
6.2
4.538461538461538
4.75
5.3
5.0
4.384615384615385
5.181818181818182
5.363636363636363
4.538461538461538
4.583333333333333
4.833333333333333
4.538461538461538
4.909090909090909
4.916666666666667
4.538461538461538
5.181818181818182
5.0
5.9
5.0
4.230769230769231
4.916666666666667
5.454545454545454
4.461538461538462
4.0
4.461538461538462
5.545454545454546
5.9
4.916666666666667
4.5
5.181818181818182
5.0
4.833333333333333
3.7857142857142856
5.454545454545454
4.461538461538462
5.454545454545454
5.2727272727272725
5.9
4.538461538461538
5.1
0
4.3076923076923075
5.363636363636363
6.1
5.9
4.5
6.0
5.454545454545454
5.545454545454546
5.9
6.1
6.555555555555555
0
5.545454545454546
4.461538461538462
4.153846153846154
4.666666666666667
4.230769230769231
4.071428571428571
5.2727272727272725
5.2727272727272725
5.3
5.6
6.555555555555555
4.75
4.833333333333333
4.666666666666667
7.875
5.8
5.181818181818182
5.090909090909091
3.769230769230769
5.2727272727272725
4.916666666666667
4.818181818181818
5.888888888888889
5.8
5.2727272727272725
5.7272727272727275
5.9
5.090909090909091
12.0
0
5.181818181818182
4.153846153846154
4.0
3.642857142857143
3.8
5.454545454545454
3.857142857142857
4.666666666666667
4.833333333333333
6.888888888888889
4.071428571428571
4.833333333333333
3.6
5.5
4.7
5.363636363636363
4.076923076923077
0
3.6
4.0
4.538461538461538
4.384615384615385
3.6666666666666665
3.923076923076923
4.166666666666667
0
4.384615384615385
5.454545454545454
4.461538461538462
3.533333333333333
3.3333333333333335
4.3
0
3.857142857142857
6.2
4.916666666666667
4.75
3.533333333333333
4.230769230769231
4.75
4.818181818181818
6.0
0
4.538461538461538
3.9285714285714284
4.384615384615385
3.857142857142857
5.3
4.5
4.916666666666667
4.384615384615385
4.538461538461538
4.7272727272727275
6.1
4.384615384615385
3.9285714285714284
5.428571428571429
0
5.0
4.416666666666667
5.363636363636363
4.916666666666667
4.833333333333333
4.230769230769231
4.3076923076923075
4.384615384615385
4.583333333333333
4.714285714285714
0
4.666666666666667
4.916666666666667
6.888888888888889
4.416666666666667
5.777777777777778
6.2
4.071428571428571
3.466666666666667
4.461538461538462
5.636363636363637
4.461538461538462
3.6
3.7142857142857144
4.833333333333333
5.0
4.538461538461538
3.923076923076923
5.0
0
4.071428571428571
4.153846153846154
4.583333333333333
5.7
5.5
5.363636363636363
4.916666666666667
4.384615384615385
4.909090909090909
4.833333333333333
4.153846153846154
4.666666666666667
4.916666666666667
3.466666666666667
4.833333333333333
4.916666666666667
5.9
6.2
5.0
4.833333333333333
4.583333333333333
4.076923076923077
5.545454545454546
4.75
4.461538461538462
3.7142857142857144
4.666666666666667
4.833333333333333
5.090909090909091
5.181818181818182
4.545454545454546
4.833333333333333
5.181818181818182
4.461538461538462
4.230769230769231
4.909090909090909
4.538461538461538
5.181818181818182
5.0
4.3076923076923075
4.384615384615385
4.916666666666667
4.666666666666667
5.2727272727272725
3.4
4.076923076923077
4.818181818181818
4.75
4.583333333333333
5.0
0
4.076923076923077
5.181818181818182
5.181818181818182
4.3076923076923075
3.3125
4.461538461538462
3.6
5.181818181818182
3.7142857142857144
4.461538461538462
3.6666666666666665
0
4.230769230769231
4.916666666666667
4.75
4.636363636363637
5.5
5.2727272727272725
5.454545454545454
5.2727272727272725
5.9
4.071428571428571
5.166666666666667
4.3076923076923075
3.7857142857142856
5.363636363636363
3.857142857142857
4.384615384615385
4.75
4.363636363636363
0
4.538461538461538
5.5
5.9
4.666666666666667
4.333333333333333
4.461538461538462
4.75
4.0
5.454545454545454
4.3076923076923075
4.666666666666667
3.857142857142857
5.0
6.0
4.3076923076923075
4.833333333333333
4.666666666666667
4.384615384615385
4.142857142857143
4.0
4.142857142857143
4.833333333333333
4.153846153846154
5.2727272727272725
4.142857142857143
4.142857142857143
3.6666666666666665
5.9
4.142857142857143
3.8
5.090909090909091
4.153846153846154
6.444444444444445
5.0
4.076923076923077
4.384615384615385
4.875
0
4.230769230769231
4.833333333333333
5.6
4.538461538461538
4.0
4.0
5.714285714285714
0
0
0
4.5
0
4.076923076923077
6.5
0
4.75
4.0
4.833333333333333
3.7333333333333334
3.6153846153846154
4.666666666666667
3.769230769230769
4.583333333333333
0
4.5
4.3076923076923075
3.0
0
4.833333333333333
4.230769230769231
3.0588235294117645
4.3076923076923075
3.6
4.5
0
4.583333333333333
4.3076923076923075
3.375
3.75
0
3.375
3.7142857142857144
4.071428571428571
3.25
4.2
0
4.384615384615385
4.0
10.0
0
5.0
4.5
4.0
3.1875
3.7333333333333334
3.5
9.0
0
4.461538461538462
3.7857142857142856
4.666666666666667
5.444444444444445
0
4.75
4.333333333333333
4.909090909090909
5.545454545454546
6.0
0
3.923076923076923
6.1
4.833333333333333
4.0
0
5.7
4.909090909090909
4.833333333333333
4.0
4.3076923076923075
4.818181818181818
4.3076923076923075
6.444444444444445
4.75
0
4.916666666666667
3.533333333333333
4.230769230769231
4.153846153846154
0
4.583333333333333
3.6
4.6
0
5.0
3.2142857142857144
0
4.818181818181818
0
3.4375
3.857142857142857
4.818181818181818
0
4.461538461538462
4.916666666666667
4.75
0
5.363636363636363
4.0
4.833333333333333
4.75
4.3076923076923075
3.6666666666666665
5.2727272727272725
3.642857142857143
3.923076923076923
5.181818181818182
3.857142857142857
4.3076923076923075
4.461538461538462
4.384615384615385
3.4
4.5
6.666666666666667
4.3076923076923075
3.375
4.833333333333333
3.4375
3.4375
4.142857142857143
3.6666666666666665
4.545454545454546
4.833333333333333
4.384615384615385
4.5
4.0
3.7333333333333334
4.0
4.3076923076923075
4.666666666666667
4.461538461538462
4.833333333333333
4.666666666666667
4.416666666666667
4.5
4.166666666666667
6.0
0
4.916666666666667
4.461538461538462
3.6
4.3076923076923075
4.071428571428571
4.230769230769231
4.071428571428571
3.7142857142857144
4.5
4.75
6.444444444444445
4.461538461538462
4.384615384615385
3.857142857142857
5.0
4.0
4.384615384615385
5.333333333333333
0
5.181818181818182
4.230769230769231
3.1176470588235294
3.533333333333333
4.461538461538462
4.384615384615385
3.7857142857142856
3.9285714285714284
4.916666666666667
4.5
0
4.142857142857143
0
4.153846153846154
4.461538461538462
3.857142857142857
4.230769230769231
5.2727272727272725
4.833333333333333
3.857142857142857
4.0
4.75
3.6666666666666665
4.076923076923077
4.75
4.071428571428571
3.375
3.1176470588235294
4.666666666666667
5.090909090909091
3.8461538461538463
4.384615384615385
3.9285714285714284
3.533333333333333
3.7333333333333334
4.461538461538462
3.6666666666666665
4.666666666666667
4.071428571428571
4.75
3.7142857142857144
3.8
0
4.384615384615385
5.4
0
5.8
3.8181818181818183
0
4.071428571428571
4.666666666666667
4.5
4.153846153846154
4.384615384615385
3.6
4.083333333333333
4.666666666666667
6.0
0
4.230769230769231
4.076923076923077
4.142857142857143
3.9285714285714284
3.466666666666667
4.142857142857143
0
5.454545454545454
3.7857142857142856
3.857142857142857
0
5.7
4.384615384615385
10.0
0
4.666666666666667
0
3.1875
3.9166666666666665
0
4.222222222222222
0
4.384615384615385
3.857142857142857
3.1875
4.384615384615385
5.0
5.0
5.4
0
4.0
0
3.7857142857142856
4.666666666666667
4.384615384615385
4.384615384615385
3.6
7.0
0
4.230769230769231
4.071428571428571
3.6
3.111111111111111
0
3.4375
3.9285714285714284
4.384615384615385
0
3.857142857142857
3.8333333333333335
0
0
0
4.5
0
4.25
5.454545454545454
4.666666666666667
4.625
0
4.153846153846154
3.9285714285714284
4.25
0
6.0
0
5.4
3.7857142857142856
3.7857142857142856
3.7857142857142856
3.7333333333333334
4.384615384615385
4.222222222222222
0
5.363636363636363
3.6666666666666665
5.5
4.916666666666667
4.583333333333333
4.75
4.076923076923077
4.8
0
3.6666666666666665
4.428571428571429
0
4.076923076923077
6.666666666666667
0
3.7333333333333334
3.8181818181818183
0
4.142857142857143
4.230769230769231
5.454545454545454
4.230769230769231
4.7272727272727275
4.833333333333333
4.833333333333333
4.166666666666667
6.2
3.769230769230769
4.583333333333333
4.833333333333333
4.0
5.285714285714286
0
4.666666666666667
3.6
3.857142857142857
4.0
4.071428571428571
4.916666666666667
4.777777777777778
0
5.2727272727272725
4.230769230769231
4.461538461538462
3.857142857142857
4.461538461538462
3.8666666666666667
0
4.833333333333333
4.333333333333333
0
4.142857142857143
3.533333333333333
3.923076923076923
4.071428571428571
3.9285714285714284
3.6666666666666665
4.6
0
3.6923076923076925
4.5
4.071428571428571
6.333333333333333
0
4.666666666666667
6.0
0
4.142857142857143
0
4.142857142857143
0
4.142857142857143
0
4.6
0
4.0
0
4.0
0
4.3076923076923075
3.533333333333333
0
3.142857142857143
0
3.7857142857142856
7.0
0
3.857142857142857
5.25
0
4.0
4.142857142857143
4.0
3.6666666666666665
3.9285714285714284
5.4
5.0
4.076923076923077
4.2
0
3.9285714285714284
3.857142857142857
4.461538461538462
3.857142857142857
0
4.384615384615385
4.384615384615385
4.0
5.0
4.583333333333333
4.666666666666667
4.230769230769231
5.625
0
5.181818181818182
4.5
0
3.6666666666666665
4.916666666666667
3.8181818181818183
0
4.428571428571429
0
4.076923076923077
4.5
0
5.7
4.3076923076923075
4.3076923076923075
4.333333333333333
4.142857142857143
4.3076923076923075
5.090909090909091
3.125
3.8
4.3076923076923075
3.7333333333333334
4.0
3.6
4.0
5.5
0
4.3076923076923075
5.8
5.6
4.230769230769231
4.384615384615385
4.222222222222222
0
4.461538461538462
4.384615384615385
3.9285714285714284
5.363636363636363
4.0
2.5
0
4.461538461538462
4.384615384615385
3.8
4.153846153846154
6.5
0
4.384615384615385
4.071428571428571
4.153846153846154
4.384615384615385
4.538461538461538
4.384615384615385
4.461538461538462
4.75
4.0
5.0
5.2727272727272725
5.545454545454546
4.461538461538462
5.333333333333333
0
3.9285714285714284
4.0
4.461538461538462
3.8
4.75
0
4.230769230769231
5.9
5.363636363636363
4.416666666666667
3.9285714285714284
4.3076923076923075
4.3
0
5.181818181818182
4.0
5.0
4.333333333333333
0
3.857142857142857
4.666666666666667
4.0
4.916666666666667
4.0
0
5.2727272727272725
4.0
3.6666666666666665
5.454545454545454
3.6666666666666665
4.153846153846154
3.9285714285714284
4.833333333333333
5.8
5.166666666666667
0
3.6
4.230769230769231
4.5
5.090909090909091
0
4.3076923076923075
4.230769230769231
5.9
7.0
0
3.8
4.3
0
4.538461538461538
9.0
0
4.153846153846154
4.142857142857143
0
5.0
0
4.5
0
4.384615384615385
4.25
0
3.6923076923076925
0
3.6666666666666665
3.6
0
4.666666666666667
0
4.5
0
4.666666666666667
0
4.0
3.7142857142857144
4.0
4.461538461538462
5.0
0
0
0
4.5
0
3.7857142857142856
4.916666666666667
5.0
3.8
0
3.6666666666666665
4.0
4.071428571428571
4.230769230769231
4.461538461538462
0
4.166666666666667
5.2727272727272725
3.642857142857143
4.0
0
5.3
6.666666666666667
4.461538461538462
4.666666666666667
3.6666666666666665
3.7857142857142856
4.666666666666667
4.454545454545454
0
3.7333333333333334
4.384615384615385
4.75
4.461538461538462
4.230769230769231
3.375
4.071428571428571
6.0
0
4.916666666666667
4.384615384615385
4.071428571428571
4.384615384615385
5.363636363636363
4.3076923076923075
5.181818181818182
4.3076923076923075
3.7857142857142856
4.583333333333333
5.0
0
3.9285714285714284
4.0
3.9285714285714284
4.0
0
4.916666666666667
3.857142857142857
0
3.7333333333333334
5.181818181818182
4.666666666666667
4.916666666666667
4.142857142857143
4.538461538461538
4.888888888888889
0
4.461538461538462
5.1
6.666666666666667
5.454545454545454
4.5
3.7142857142857144
5.454545454545454
4.071428571428571
5.6
4.545454545454546
0
5.75
5.0
5.25
3.875
0
4.333333333333333
4.666666666666667
5.8
5.2
0
5.0
4.8
5.0
4.8
0
0
4.3076923076923075
4.142857142857143
5.363636363636363
4.833333333333333
4.384615384615385
5.545454545454546
6.1
6.0
4.428571428571429
0
5.25
5.0
0
4.3076923076923075
4.071428571428571
5.363636363636363
4.583333333333333
6.666666666666667
4.0
3.5
0
4.0
3.8666666666666667
5.2727272727272725
4.666666666666667
3.857142857142857
3.9285714285714284
6.1
5.454545454545454
4.3076923076923075
5.7
5.636363636363637
5.0
4.0
3.923076923076923
4.909090909090909
4.0
8.0
0
5.666666666666667
5.181818181818182
4.071428571428571
5.666666666666667
0
4.0
5.090909090909091
4.833333333333333
5.7
4.142857142857143
4.071428571428571
4.3076923076923075
3.6
4.153846153846154
3.8
5.7
4.583333333333333
4.166666666666667
6.777777777777778
5.9
4.666666666666667
4.75
4.3076923076923075
5.9
4.384615384615385
4.75
4.153846153846154
5.363636363636363
4.153846153846154
4.909090909090909
6.333333333333333
4.461538461538462
3.857142857142857
4.3076923076923075
5.0
4.833333333333333
9.5
0
4.153846153846154
4.416666666666667
3.533333333333333
5.2727272727272725
5.2
0
4.916666666666667
4.384615384615385
4.461538461538462
5.0
4.142857142857143
4.5
4.461538461538462
4.833333333333333
4.583333333333333
5.2
6.2
4.384615384615385
3.7857142857142856
4.5
0
4.461538461538462
4.0
0
4.833333333333333
0
4.071428571428571
4.0
0
3.7857142857142856
4.75
0
4.384615384615385
5.0
6.0
0
3.8181818181818183
0
4.071428571428571
3.642857142857143
4.5
4.3076923076923075
4.384615384615385
4.714285714285714
0
3.466666666666667
5.333333333333333
0
4.230769230769231
4.3076923076923075
3.7777777777777777
0
4.666666666666667
4.0
3.4375
3.8
3.6666666666666665
3.533333333333333
3.8
0
4.75
3.923076923076923
4.153846153846154
5.285714285714286
0
4.384615384615385
3.857142857142857
3.1176470588235294
4.416666666666667
5.181818181818182
3.9285714285714284
3.6
4.333333333333333
3.6666666666666665
4.0
4.538461538461538
3.5714285714285716
0
4.75
0
3.7
0
3.8
4.75
3.466666666666667
3.857142857142857
3.0
0
5.0
0
3.466666666666667
0
3.5555555555555554
0
3.9285714285714284
3.9285714285714284
4.666666666666667
3.4375
5.454545454545454
5.545454545454546
3.6666666666666665
3.7142857142857144
3.3333333333333335
0
3.857142857142857
3.6
3.857142857142857
4.0
0
4.0
4.75
4.3076923076923075
4.666666666666667
4.0
0
4.071428571428571
3.5714285714285716
5.8
4.25
5.0
4.0
4.75
4.0
4.916666666666667
4.75
6.2
3.642857142857143
4.0
4.461538461538462
3.3333333333333335
5.4
0
3.6153846153846154
4.25
0
3.9285714285714284
4.75
4.0
4.75
4.583333333333333
3.1176470588235294
6.0
0
5.875
0
4.3076923076923075
5.0
4.0
4.076923076923077
5.0
0
4.384615384615385
3.6666666666666665
0
6.0
0
6.0
0
4.75
0
4.666666666666667
0
4.384615384615385
3.7857142857142856
4.5
3.923076923076923
0
4.230769230769231
3.7857142857142856
4.076923076923077
4.071428571428571
0
5.0
4.7272727272727275
0
3.642857142857143
4.5
3.6
3.4
3.6
3.9285714285714284
4.153846153846154
3.1875
7.0
0
4.615384615384615
0
3.857142857142857
4.833333333333333
3.272727272727273
0
4.416666666666667
4.3076923076923075
4.142857142857143
4.071428571428571
4.833333333333333
4.071428571428571
4.5
0
4.571428571428571
0
4.75
7.0
0
4.625
0
4.25
0
5.0
0
4.153846153846154
0
3.642857142857143
3.9285714285714284
4.25
0
5.454545454545454
4.384615384615385
3.533333333333333
4.1
0
4.75
4.538461538461538
4.3076923076923075
4.230769230769231
3.5
0
4.833333333333333
4.461538461538462
4.384615384615385
6.714285714285714
0
4.666666666666667
0
4.076923076923077
5.090909090909091
3.5
4.2
0
4.384615384615385
3.1875
4.666666666666667
0
4.076923076923077
5.0
5.0
0
4.7
0
4.583333333333333
3.9285714285714284
6.0
0
6.5
0
4.7272727272727275
4.3076923076923075
3.6
4.071428571428571
6.142857142857143
0
3.9
0
5.454545454545454
4.071428571428571
5.375
0
4.384615384615385
9.0
0
4.153846153846154
4.416666666666667
3.6666666666666665
4.5
0
4.555555555555555
0
3.7333333333333334
4.230769230769231
5.2727272727272725
5.0
0
4.384615384615385
3.7857142857142856
4.230769230769231
0
4.5
0
3.4
4.071428571428571
4.636363636363637
4.3076923076923075
4.0
0
4.75
4.461538461538462
4.5
4.666666666666667
5.454545454545454
3.6153846153846154
0
4.076923076923077
6.0
4.071428571428571
5.0
8.0
0
4.583333333333333
5.0
4.583333333333333
4.384615384615385
3.642857142857143
4.75
0
4.222222222222222
0
4.3076923076923075
4.25
4.75
4.2
0
4.3076923076923075
4.0
4.75
0
4.461538461538462
7.0
0
4.3076923076923075
4.0
3.6
0
0
0
4.5
0
6.1
5.4
6.875
5.181818181818182
4.0
3.7333333333333334
4.384615384615385
4.384615384615385
4.909090909090909
4.071428571428571
4.3076923076923075
4.583333333333333
5.5
0
3.7333333333333334
3.9285714285714284
5.7
4.583333333333333
5.545454545454546
4.666666666666667
5.545454545454546
4.375
0
4.538461538461538
3.6666666666666665
3.9285714285714284
3.9285714285714284
3.7857142857142856
4.538461538461538
4.416666666666667
5.666666666666667
4.583333333333333
6.333333333333333
0
4.5
4.5
4.230769230769231
4.833333333333333
3.857142857142857
4.071428571428571
4.538461538461538
4.0
5.363636363636363
3.466666666666667
4.75
5.090909090909091
4.0
4.0
0
5.363636363636363
4.0
5.090909090909091
5.545454545454546
5.2
5.2727272727272725
4.916666666666667
5.8
4.818181818181818
6.1
5.2727272727272725
5.666666666666667
4.916666666666667
5.2727272727272725
6.0
0
4.384615384615385
4.545454545454546
6.1
3.857142857142857
5.8
0
4.0
4.416666666666667
5.285714285714286
0
4.3076923076923075
5.181818181818182
5.0
4.461538461538462
4.75
5.2727272727272725
0
5.083333333333333
4.153846153846154
7.0
0
4.076923076923077
3.6
8.5
0
5.363636363636363
4.538461538461538
0
4.142857142857143
5.6
0
4.3076923076923075
4.461538461538462
5.666666666666667
0
4.0
5.0
4.0
0
4.833333333333333
3.642857142857143
4.384615384615385
6.1
4.75
0
5.0
0
5.090909090909091
4.538461538461538
0
9.0
0
3.5714285714285716
0
4.166666666666667
0
3.8
0
4.818181818181818
5.454545454545454
3.9285714285714284
3.8
0
4.4
0
5.285714285714286
0
4.461538461538462
4.0
0
5.454545454545454
4.833333333333333
0
3.7857142857142856
5.2
0
5.363636363636363
3.7142857142857144
7.0
0
4.416666666666667
5.0
0
5.1
4.916666666666667
5.363636363636363
6.0
0
5.9
0
4.416666666666667
4.461538461538462
3.375
0
5.181818181818182
4.071428571428571
4.461538461538462
4.7272727272727275
0
6.0
0
3.6666666666666665
4.384615384615385
5.2727272727272725
4.538461538461538
3.6
0
3.533333333333333
3.7857142857142856
5.181818181818182
4.461538461538462
5.5
0
5.666666666666667
0
5.666666666666667
0
3.6
10.5
0
5.181818181818182
3.9285714285714284
4.166666666666667
4.0
3.7142857142857144
4.833333333333333
0
4.384615384615385
4.0
0
3.642857142857143
4.5
7.0
0
6.142857142857143
0
4.916666666666667
3.6
3.888888888888889
0
6.333333333333333
3.4375
5.0
0
4.071428571428571
4.0
4.666666666666667
4.384615384615385
4.2727272727272725
0
3.7333333333333334
4.090909090909091
0
4.461538461538462
4.538461538461538
11.0
0
4.076923076923077
4.714285714285714
0
5.090909090909091
3.25
7.0
0
4.833333333333333
4.916666666666667
4.0
0
4.666666666666667
3.923076923076923
9.0
0
4.0
3.857142857142857
3.7333333333333334
4.916666666666667
5.555555555555555
5.888888888888889
5.2727272727272725
4.916666666666667
5.545454545454546
5.4
0
4.230769230769231
7.0
0
4.384615384615385
5.0
0
3.6363636363636362
0
4.833333333333333
3.7
0
4.625
0
4.333333333333333
0
5.0
0
3.9285714285714284
4.583333333333333
3.642857142857143
4.153846153846154
4.666666666666667
4.833333333333333
0
4.875
0
4.461538461538462
4.75
4.25
0
5.2727272727272725
5.0
0
4.0
6.1
5.6
0
3.1176470588235294
5.0
0
4.230769230769231
4.230769230769231
4.7272727272727275
0
5.428571428571429
0
4.0
0
3.3333333333333335
0
3.7857142857142856
3.7857142857142856
4.384615384615385
3.533333333333333
3.642857142857143
3.533333333333333
5.333333333333333
0
4.583333333333333
4.3076923076923075
4.153846153846154
7.0
0
4.076923076923077
4.071428571428571
4.230769230769231
0
4.384615384615385
5.0
0
3.7142857142857144
4.071428571428571
4.384615384615385
4.384615384615385
4.666666666666667
4.444444444444445
0
3.533333333333333
4.076923076923077
4.5
4.461538461538462
4.916666666666667
4.153846153846154
5.0
6.166666666666667
0
5.090909090909091
4.666666666666667
4.75
4.230769230769231
4.142857142857143
5.090909090909091
4.230769230769231
4.916666666666667
3.4
4.666666666666667
5.5
4.916666666666667
6.1
4.833333333333333
5.2727272727272725
4.538461538461538
11.0
0
5.0
5.2727272727272725
3.923076923076923
4.384615384615385
3.75
0
4.916666666666667
5.2727272727272725
3.7333333333333334
3.7857142857142856
0
3.6923076923076925
0
4.461538461538462
4.666666666666667
0
4.142857142857143
4.0
5.333333333333333
0
0
0
4.5
0
4.916666666666667
4.916666666666667
5.090909090909091
4.416666666666667
7.0
0
4.538461538461538
4.538461538461538
4.071428571428571
3.235294117647059
3.923076923076923
4.0
4.5
4.071428571428571
4.0
0
3.375
4.416666666666667
4.916666666666667
3.375
4.461538461538462
5.5
0
3.6
4.230769230769231
4.153846153846154
4.384615384615385
6.888888888888889
4.538461538461538
3.7142857142857144
3.7333333333333334
3.8461538461538463
5.5
0
4.0
3.7857142857142856
4.3076923076923075
5.2727272727272725
4.5
4.375
0
4.538461538461538
5.6
5.75
0
4.833333333333333
5.5
3.7333333333333334
5.454545454545454
4.444444444444445
0
4.25
4.75
6.333333333333333
6.1
4.0
4.384615384615385
3.7857142857142856
4.111111111111111
0
4.230769230769231
5.2727272727272725
4.142857142857143
4.3076923076923075
7.75
4.384615384615385
4.153846153846154
6.0
4.538461538461538
4.076923076923077
5.181818181818182
5.090909090909091
5.454545454545454
4.230769230769231
4.666666666666667
0
3.3125
4.75
4.384615384615385
6.0
0
5.181818181818182
5.0
0
5.0
4.076923076923077
4.461538461538462
4.583333333333333
4.230769230769231
6.1
5.0
0
3.8
4.461538461538462
4.461538461538462
4.666666666666667
0
4.0
4.583333333333333
5.0
3.7142857142857144
4.461538461538462
3.857142857142857
5.0
5.9
5.2727272727272725
4.818181818181818
6.1
4.818181818181818
5.2727272727272725
4.75
3.857142857142857
4.909090909090909
4.384615384615385
4.230769230769231
4.0
4.333333333333333
0
3.7142857142857144
5.181818181818182
3.8461538461538463
5.090909090909091
4.3076923076923075
4.2727272727272725
0
6.4
0
4.833333333333333
3.6
0
4.666666666666667
0
4.3076923076923075
4.666666666666667
4.071428571428571
3.75
0
4.538461538461538
5.8
5.454545454545454
5.090909090909091
4.071428571428571
4.75
3.6
4.076923076923077
4.666666666666667
4.083333333333333
0
3.5384615384615383
0
4.333333333333333
0
6.0
0
3.9285714285714284
5.0
0
4.416666666666667
4.666666666666667
8.0
0
4.666666666666667
0
4.0
11.0
0
5.125
0
6.0
0
4.583333333333333
4.833333333333333
4.0
4.5
4.230769230769231
0
4.142857142857143
5.0
0
4.384615384615385
4.076923076923077
3.6666666666666665
0
4.3076923076923075
4.3076923076923075
5.090909090909091
6.666666666666667
0
4.5
4.0
0
4.3076923076923075
4.0
0
10.0
0
5.666666666666667
0
4.833333333333333
5.5
0
3.375
4.384615384615385
4.75
5.2
0
5.0
0
4.416666666666667
4.857142857142857
0
4.3076923076923075
3.6666666666666665
3.8333333333333335
0
5.090909090909091
5.454545454545454
3.3125
4.0
3.7333333333333334
3.7142857142857144
4.75
3.375
4.0
5.1
0
4.916666666666667
4.142857142857143
4.142857142857143
4.5
4.666666666666667
4.3076923076923075
5.363636363636363
4.583333333333333
5.0
3.6666666666666665
0
5.363636363636363
5.0
3.6666666666666665
4.3076923076923075
4.916666666666667
4.076923076923077
7.0
0
4.583333333333333
4.461538461538462
4.461538461538462
4.181818181818182
0
4.166666666666667
0
4.090909090909091
0
3.4444444444444446
0
4.384615384615385
3.7857142857142856
3.7142857142857144
4.0
3.4375
4.076923076923077
4.333333333333333
0
4.384615384615385
3.857142857142857
0
3.6666666666666665
4.230769230769231
3.6666666666666665
4.153846153846154
4.0
0
4.461538461538462
4.384615384615385
4.230769230769231
0
4.076923076923077
8.0
0
4.833333333333333
4.230769230769231
0
5.2727272727272725
4.545454545454546
0
4.142857142857143
4.142857142857143
3.4375
4.384615384615385
4.538461538461538
3.9285714285714284
4.0
0
4.071428571428571
4.6
0
3.8461538461538463
4.916666666666667
3.7142857142857144
7.0
0
5.0
3.6153846153846154
0
3.6666666666666665
4.75
7.0
0
4.461538461538462
4.3076923076923075
4.071428571428571
4.153846153846154
3.6
3.5
0
4.833333333333333
4.0
4.230769230769231
3.1666666666666665
0
3.5
3.6
3.6
4.0
0
4.384615384615385
4.75
3.0
0
4.8
0
4.071428571428571
4.5
0
6.0
0
3.6
3.7333333333333334
4.384615384615385
4.333333333333333
0
5.0
0
4.071428571428571
3.466666666666667
5.2
0
3.7333333333333334
4.666666666666667
6.5
0
0
0
4.5
0
4.5
5.0
4.916666666666667
4.384615384615385
4.384615384615385
5.363636363636363
4.3076923076923075
4.0
5.9
5.454545454545454
4.75
5.454545454545454
5.363636363636363
4.125
0
4.75
4.0
5.545454545454546
0
5.181818181818182
4.384615384615385
3.7857142857142856
0
4.071428571428571
4.666666666666667
5.0
4.666666666666667
3.4
5.0
4.076923076923077
5.090909090909091
4.153846153846154
4.461538461538462
3.0833333333333335
0
4.555555555555555
0
5.142857142857143
0
4.888888888888889
0
4.384615384615385
3.9
0
5.0
0
4.125
0
6.0
0
4.666666666666667
0
5.125
0
5.0
0
4.5
0
4.0
0
4.538461538461538
0
3.25
3.7333333333333334
3.5
0
4.75
5.0
0
4.3076923076923075
4.75
4.5
0
5.0
0
3.0
0
4.428571428571429
0
4.153846153846154
0
3.3333333333333335
0
5.0
0
5.0
0
3.0
0
3.2222222222222223
0
5.545454545454546
0
6.333333333333333
0
4.916666666666667
5.444444444444445
0
5.0
0
4.875
0
5.4
0
4.285714285714286
0
4.090909090909091
0
5.428571428571429
0
6.333333333333333
0
6.0
0
4.2
0
3.5
0
7.0
0
6.5
0
11.0
0
7.2
0
4.25
0
5.714285714285714
0
4.333333333333333
0
4.0
0
3.5
0
4.8
0
3.9
0
4.666666666666667
10.0
0
4.555555555555555
0
5.4
5.090909090909091
4.75
11.0
0
4.833333333333333
0
4.142857142857143
0
4.7
0
4.833333333333333
3.235294117647059
8.0
0
5.222222222222222
0
4.3076923076923075
4.384615384615385
3.6
4.142857142857143
0
6.555555555555555
4.071428571428571
6.5
0
4.833333333333333
4.384615384615385
3.6666666666666665
3.6
0
4.5
0
4.916666666666667
6.0
0
4.583333333333333
5.363636363636363
4.071428571428571
5.2727272727272725
4.384615384615385
4.153846153846154
10.0
0
4.461538461538462
3.5
0
5.090909090909091
0
4.916666666666667
3.923076923076923
0
4.25
5.714285714285714
0
4.0
0
5.6
0
5.0
0
5.0
7.0
0
4.2
0
5.666666666666667
0
4.230769230769231
4.3
0
4.833333333333333
5.666666666666667
0
5.0
5.0
0
3.888888888888889
0
5.75
0
3.6153846153846154
0
6.333333333333333
0
5.625
0
4.333333333333333
0
5.333333333333333
0
4.125
0
7.0
0
4.285714285714286
0
4.333333333333333
0
5.571428571428571
0
4.071428571428571
0
4.0
0
6.0
0
6.444444444444445
5.0
0
4.461538461538462
6.666666666666667
0
5.625
0
5.0
0
5.25
0
4.375
0
8.333333333333334
0
4.0
3.4
0
4.5
0
5.5
0
5.5
0
5.0
0
5.5
0
4.090909090909091
0
4.538461538461538
4.916666666666667
4.461538461538462
4.75
4.833333333333333
4.583333333333333
0
4.071428571428571
4.153846153846154
5.25
0
4.333333333333333
4.8
0
5.2727272727272725
4.666666666666667
4.142857142857143
0
4.076923076923077
4.0
0
4.076923076923077
3.375
5.181818181818182
4.916666666666667
4.5
0
0
0
4.5
0
3.8
3.5714285714285716
6.1
4.416666666666667
4.461538461538462
4.538461538461538
4.416666666666667
5.454545454545454
3.8333333333333335
0
4.142857142857143
4.833333333333333
4.818181818181818
4.75
4.461538461538462
4.3076923076923075
5.090909090909091
4.75
3.923076923076923
5.3
4.909090909090909
4.071428571428571
3.6
3.375
3.75
0
3.8
5.5
4.3076923076923075
3.5
4.384615384615385
3.4375
4.384615384615385
3.857142857142857
4.230769230769231
4.153846153846154
4.071428571428571
4.153846153846154
3.857142857142857
6.0
0
3.533333333333333
5.2727272727272725
4.3076923076923075
5.0
4.75
4.230769230769231
5.090909090909091
4.833333333333333
5.0
4.916666666666667
4.153846153846154
5.7
4.333333333333333
0
4.384615384615385
4.75
3.7857142857142856
4.583333333333333
0
4.25
5.9
3.857142857142857
4.583333333333333
6.75
0
4.875
0
3.7857142857142856
3.466666666666667
8.0
0
4.666666666666667
4.153846153846154
4.071428571428571
5.0
5.090909090909091
5.5
0
4.384615384615385
5.0
4.333333333333333
4.3076923076923075
5.363636363636363
4.454545454545454
0
5.545454545454546
3.9285714285714284
3.6
6.0
0
4.833333333333333
3.6666666666666665
3.4166666666666665
0
4.2727272727272725
0
4.230769230769231
4.75
0
6.666666666666667
4.230769230769231
4.0
0
5.454545454545454
5.454545454545454
4.076923076923077
4.833333333333333
4.461538461538462
4.384615384615385
4.076923076923077
6.333333333333333
7.5
0
4.666666666666667
4.461538461538462
5.0
0
4.538461538461538
3.909090909090909
0
4.75
4.1
0
4.666666666666667
0
4.153846153846154
5.090909090909091
3.25
0
4.153846153846154
5.090909090909091
3.6
0
4.666666666666667
3.7857142857142856
3.6
4.384615384615385
3.857142857142857
4.75
0
3.4285714285714284
4.5
4.384615384615385
5.0
0
4.615384615384615
4.0
4.833333333333333
3.7333333333333334
4.076923076923077
3.642857142857143
4.545454545454546
3.7333333333333334
4.625
0
4.153846153846154
4.384615384615385
3.3125
4.384615384615385
3.9285714285714284
5.1
0
4.833333333333333
4.916666666666667
3.533333333333333
4.833333333333333
3.6666666666666665
0
4.461538461538462
4.142857142857143
4.583333333333333
4.090909090909091
0
4.0
4.384615384615385
4.6
0
5.181818181818182
3.6
4.214285714285714
0
4.666666666666667
4.230769230769231
4.666666666666667
0
3.9285714285714284
7.666666666666667
0
4.5
9.0
0
4.916666666666667
6.333333333333333
0
5.0
0
4.0
0
3.7333333333333334
4.076923076923077
4.75
3.466666666666667
3.1176470588235294
3.5714285714285716
0
4.076923076923077
3.4444444444444446
0
3.857142857142857
4.3076923076923075
4.833333333333333
0
7.5
0
3.6
4.461538461538462
9.0
0
4.461538461538462
4.071428571428571
6.0
0
3.7142857142857144
4.384615384615385
3.923076923076923
0
4.083333333333333
4.5
4.3076923076923075
4.666666666666667
0
4.666666666666667
3.8181818181818183
0
4.5
4.916666666666667
3.7857142857142856
3.642857142857143
3.769230769230769
0
4.083333333333333
4.818181818181818
5.0
3.909090909090909
0
4.3076923076923075
3.375
0
4.666666666666667
5.125
0
4.2
0
4.0
0
4.333333333333333
0
14.0
0
4.125
0
4.2
0
4.833333333333333
0
5.333333333333333
0
5.0
0
4.714285714285714
0
3.5714285714285716
0
6.0
0
4.0
0
4.8
0
3.4
0
4.3076923076923075
5.666666666666667
0
4.909090909090909
0
4.428571428571429
0
4.75
0
4.5
6.0
0
4.142857142857143
4.5
4.230769230769231
3.9285714285714284
4.833333333333333
4.2
0
3.8
4.538461538461538
4.666666666666667
4.75
4.384615384615385
0
3.5
4.3076923076923075
3.9285714285714284
4.538461538461538
4.153846153846154
7.666666666666667
0
4.076923076923077
4.285714285714286
0
4.818181818181818
4.75
0
6.4
0
4.583333333333333
4.071428571428571
4.071428571428571
0
3.4
4.5
0
4.666666666666667
3.6666666666666665
0
4.363636363636363
0
3.9285714285714284
4.75
4.5
0
3.533333333333333
4.142857142857143
0
5.181818181818182
4.75
6.0
0
4.538461538461538
4.75
7.0
0
4.583333333333333
4.583333333333333
3.4
0
3.6
3.9285714285714284
4.5
0
3.6
3.923076923076923
4.6
0
4.0
3.7333333333333334
5.545454545454546
4.461538461538462
3.9285714285714284
4.222222222222222
0
4.0
3.6
5.2727272727272725
3.6
4.333333333333333
0
3.533333333333333
4.3076923076923075
4.75
0
3.235294117647059
4.0
4.833333333333333
5.2
0
4.0
4.75
3.3333333333333335
0
3.9285714285714284
5.0
0
4.230769230769231
3.7142857142857144
5.0
0
3.9285714285714284
3.6153846153846154
0
0
0
4.5
0
3.7333333333333334
4.666666666666667
5.888888888888889
0
4.384615384615385
3.125
9.0
0
6.0
0
4.076923076923077
0
4.3076923076923075
4.818181818181818
4.9
4.071428571428571
3.7333333333333334
5.181818181818182
5.75
0
5.8
4.0
3.5714285714285716
4.75
0
3.533333333333333
4.142857142857143
5.2727272727272725
6.75
0
3.125
4.583333333333333
4.909090909090909
4.461538461538462
3.7857142857142856
3.5714285714285716
3.857142857142857
3.7333333333333334
3.9285714285714284
4.7272727272727275
4.583333333333333
4.384615384615385
0
4.142857142857143
5.2727272727272725
4.076923076923077
5.428571428571429
0
5.5
4.230769230769231
4.076923076923077
5.0
0
4.916666666666667
4.461538461538462
4.3076923076923075
3.6
4.230769230769231
4.071428571428571
3.7142857142857144
4.5
4.333333333333333
6.444444444444445
5.5
0
4.666666666666667
3.857142857142857
3.0
3.6
3.857142857142857
3.9285714285714284
4.583333333333333
3.1176470588235294
4.666666666666667
3.3333333333333335
0
6.75
0
4.0
5.777777777777778
0
4.0
4.461538461538462
4.833333333333333
5.454545454545454
5.363636363636363
4.3076923076923075
4.076923076923077
4.916666666666667
3.533333333333333
3.7142857142857144
3.6923076923076925
5.2727272727272725
0
4.538461538461538
4.5
5.0
0
4.3076923076923075
3.466666666666667
4.0
0
5.166666666666667
0
5.6
5.4
4.666666666666667
4.75
4.384615384615385
5.2727272727272725
3.7857142857142856
4.076923076923077
4.833333333333333
4.909090909090909
0
4.538461538461538
4.071428571428571
4.0
4.583333333333333
4.571428571428571
0
4.636363636363637
4.75
4.416666666666667
3.7857142857142856
5.181818181818182
3.6666666666666665
3.9166666666666665
0
3.6666666666666665
4.777777777777778
0
3.0
4.461538461538462
3.375
6.5
0
4.0
4.583333333333333
0
4.142857142857143
4.461538461538462
3.1875
3.9285714285714284
4.666666666666667
3.642857142857143
7.0
0
4.384615384615385
4.666666666666667
4.25
0
4.461538461538462
4.75
4.75
4.384615384615385
3.6666666666666665
3.6666666666666665
4.153846153846154
3.7857142857142856
4.909090909090909
4.0
4.230769230769231
4.333333333333333
0
4.538461538461538
4.666666666666667
4.461538461538462
4.75
5.0
6.0
0
5.363636363636363
4.0
3.7857142857142856
4.3076923076923075
3.642857142857143
4.333333333333333
3.466666666666667
4.153846153846154
3.533333333333333
3.3846153846153846
3.642857142857143
4.916666666666667
4.916666666666667
5.181818181818182
4.666666666666667
0
4.230769230769231
3.1875
3.3333333333333335
5.222222222222222
0
4.333333333333333
4.0
0
3.5714285714285716
0
4.75
5.5
0
4.3076923076923075
4.583333333333333
8.0
0
4.230769230769231
3.8
4.916666666666667
7.0
0
4.666666666666667
3.7142857142857144
0
5.454545454545454
3.7333333333333334
3.857142857142857
5.181818181818182
4.833333333333333
4.3076923076923075
4.833333333333333
4.3076923076923075
4.916666666666667
5.0
4.384615384615385
3.533333333333333
5.2
0
4.3076923076923075
4.666666666666667
2.727272727272727
0
4.25
0
6.0
0
4.5
4.3076923076923075
4.3076923076923075
3.533333333333333
4.076923076923077
3.6
4.0
4.0
5.090909090909091
3.857142857142857
5.9
4.3076923076923075
3.7857142857142856
5.090909090909091
4.0
4.461538461538462
4.230769230769231
4.461538461538462
4.0
5.7
5.2727272727272725
4.818181818181818
4.461538461538462
4.916666666666667
3.6666666666666665
4.230769230769231
4.0
4.0
3.176470588235294
4.75
4.166666666666667
5.9
3.375
3.923076923076923
0
3.6666666666666665
0
3.6
4.666666666666667
5.2727272727272725
4.833333333333333
4.25
5.090909090909091
4.7272727272727275
4.75
3.7857142857142856
4.461538461538462
3.9285714285714284
4.0
5.1
4.5
4.615384615384615
3.7333333333333334
4.583333333333333
4.666666666666667
3.4
3.9285714285714284
5.0
4.384615384615385
5.0
0
4.230769230769231
4.230769230769231
4.5
4.0
4.363636363636363
0
4.25
5.6
3.533333333333333
3.533333333333333
3.7857142857142856
4.75
6.1
4.0
5.0
0
3.4375
3.9285714285714284
3.3333333333333335
0
4.25
5.090909090909091
3.875
0
3.6
7.333333333333333
0
4.230769230769231
5.666666666666667
0
4.076923076923077
3.857142857142857
5.0
0
4.3076923076923075
5.7
3.9285714285714284
3.533333333333333
3.466666666666667
3.9285714285714284
4.833333333333333
4.3076923076923075
4.833333333333333
3.6666666666666665
4.833333333333333
4.833333333333333
4.153846153846154
4.153846153846154
4.153846153846154
4.2
0
4.8
0
4.583333333333333
3.888888888888889
0
4.5
3.857142857142857
4.090909090909091
0
0
0
4.5
0
3.4375
4.071428571428571
4.75
4.076923076923077
4.142857142857143
3.857142857142857
4.0
3.25
3.6
3.642857142857143
4.461538461538462
4.583333333333333
4.3076923076923075
4.285714285714286
0
4.071428571428571
3.7857142857142856
3.8
0
4.071428571428571
5.8
4.384615384615385
4.461538461538462
4.75
3.5
3.9285714285714284
4.333333333333333
0
4.071428571428571
4.0
4.833333333333333
3.857142857142857
5.7
4.384615384615385
3.2222222222222223
0
4.384615384615385
4.833333333333333
3.125
3.923076923076923
5.6
4.071428571428571
5.363636363636363
3.923076923076923
4.916666666666667
4.153846153846154
5.090909090909091
4.230769230769231
3.857142857142857
3.7333333333333334
3.7857142857142856
4.384615384615385
4.714285714285714
0
3.9285714285714284
3.7857142857142856
4.916666666666667
4.461538461538462
4.153846153846154
5.363636363636363
4.75
4.230769230769231
4.384615384615385
4.3076923076923075
4.666666666666667
4.461538461538462
4.384615384615385
3.3333333333333335
4.333333333333333
0
3.7142857142857144
4.333333333333333
4.384615384615385
5.0
0
3.9285714285714284
4.071428571428571
3.9285714285714284
4.230769230769231
4.0
0
4.071428571428571
5.2727272727272725
3.9285714285714284
4.0
3.642857142857143
0
4.142857142857143
4.333333333333333
4.3076923076923075
3.8
6.222222222222222
5.545454545454546
4.833333333333333
3.7142857142857144
4.461538461538462
4.071428571428571
4.3076923076923075
3.7142857142857144
5.090909090909091
4.833333333333333
3.642857142857143
3.9285714285714284
4.5
4.666666666666667
5.363636363636363
4.538461538461538
3.7857142857142856
4.333333333333333
3.9285714285714284
4.071428571428571
4.076923076923077
4.461538461538462
4.0
5.4
4.818181818181818
4.230769230769231
4.5
4.666666666666667
4.4
0
3.6
4.416666666666667
5.181818181818182
3.857142857142857
4.153846153846154
3.7857142857142856
4.0
5.181818181818182
4.0
4.75
0
4.384615384615385
3.857142857142857
4.3076923076923075
4.230769230769231
3.7857142857142856
5.363636363636363
4.545454545454546
0
3.466666666666667
4.833333333333333
5.0
3.857142857142857
4.3076923076923075
3.7333333333333334
4.071428571428571
5.5
0
5.0
0
6.142857142857143
0
4.230769230769231
4.833333333333333
0
5.181818181818182
4.3076923076923075
4.4
0
3.6
5.0
5.8
3.466666666666667
6.375
0
5.0
3.533333333333333
4.076923076923077
4.75
4.3076923076923075
4.5
0
4.833333333333333
